-23.5087,1.73418,1.21309,-0.109026,0.691814,-0.35935,1.01982,-0.486021,0.651225,-1.2838,0.699877,-0.399291,0.942499,-1.27893,0.813725,-0.738174,1.27704,-1.12393,0.689228,-0.87419
-19.4078,2.4662,1.10212,0.616881,0.0779154,-0.260864,0.41451,0.0975924,0.289656,-1.31017,0.904153,-0.184713,1.07441,-1.39503,0.743463,-0.691702,1.6441,-1.28895,0.69895,-0.797837
-18.9841,2.38069,0.60361,0.0970973,0.482668,0.217312,0.393227,-0.307652,0.261097,-1.24668,0.642654,-0.413048,0.983109,-1.10811,1.0878,-0.875961,1.1475,-1.22635,0.992314,-0.738878
-18.7137,2.65299,0.467089,0.353327,0.320789,0.211298,0.430962,-0.259194,0.468462,-0.971305,1.16249,-0.665389,0.963514,-0.745337,1.09859,-0.977235,1.10207,-1.16511,1.08755,-0.825882
-19.097,2.24982,0.638856,0.454205,0.461115,0.187236,0.403838,-0.361854,0.488008,-0.714783,1.15685,-0.520104,0.968327,-0.89453,1.14799,-0.871684,1.07594,-1.14119,1.02063,-0.860103
-18.44,2.04752,0.48009,0.423779,0.279715,0.219017,0.170999,-0.217465,0.550218,-0.845328,0.848946,-0.530059,1.06419,-1.05316,0.976214,-0.824565,1.09905,-1.09005,1.16392,-0.930547
-3.13775,3.26577,-1.03663,2.29864,-1.07453,1.9768,-0.984992,0.989218,-0.179106,0.318484,0.270305,-0.512788,0.607577,-1.125,1.0936,-1.17445,1.26528,-1.36669,1.74635,-1.39426
-4.27663,2.56109,-0.886424,2.27341,-1.35995,2.00106,-0.639074,1.03632,-0.25411,0.312604,0.378258,-0.0587089,0.734728,-1.11476,1.24282,-1.14353,1.36969,-1.63529,1.56879,-1.34141
-6.66863,2.19155,-1.02072,1.98624,-1.27788,1.37813,-0.832979,1.0691,-0.267281,0.0155467,0.621665,0.0982899,0.920105,-1.35403,1.30428,-0.75426,1.67146,-1.80486,1.24874,-1.23068
-6.26847,2.30292,-0.883285,2.40941,-1.03029,1.74551,-0.997163,0.915816,-0.266533,0.117079,0.551061,-0.204034,0.329073,-1.3242,1.55388,-1.11006,1.41617,-1.33493,1.66029,-1.69878
-7.0686,2.20114,-1.14203,1.97195,-1.10969,1.96741,-0.687389,0.801521,0.101914,0.522378,0.61936,-0.294418,0.587072,-1.31119,1.5145,-1.00925,1.47869,-1.44246,1.58881,-1.6266
-6.96969,2.20266,-1.47568,1.88455,-1.24362,1.73693,-0.92153,0.548272,0.0734043,0.424174,0.352986,-0.327753,0.781495,-1.41667,1.36335,-0.843735,1.72858,-1.74058,1.55063,-1.39214
-6.3937,2.02818,-1.31566,2.28511,-1.07298,1.77281,-0.993106,0.736843,0.209115,0.763232,0.00880918,-0.810996,0.510749,-1.26862,0.971582,-0.911413,2.06086,-1.89465,1.60937,-1.38729
-7.36581,2.23783,-1.37697,2.10392,-0.846618,1.76303,-0.786351,0.802272,0.280369,0.51677,0.308201,-0.529405,0.870324,-1.02574,1.12538,-1.12945,1.86803,-1.55892,1.53583,-1.39449
-7.15012,2.25919,-1.51798,1.89226,-1.3123,1.71899,-0.647341,0.730676,0.20483,0.384989,0.358521,-0.551643,0.781322,-1.04599,1.22013,-0.984774,1.88694,-1.56402,1.59946,-1.36245
-5.15352,3.10666,-0.886841,2.72119,-1.04805,1.75294,-1.06024,0.506494,-0.0920507,0.332363,0.420284,-0.568359,0.72323,-1.33079,1.18716,-0.965483,1.49484,-1.71034,1.73771,-1.36127
-6.69796,2.51414,-1.09377,2.1943,-1.07399,1.95578,-0.882495,0.663526,-0.173454,0.365944,0.617465,-0.42724,0.772875,-1.00659,1.5087,-1.45728,1.15239,-1.36609,1.87231,-1.78669
-7.32104,2.0007,-1.58226,1.64975,-1.28713,1.89169,-0.750833,0.616519,-0.238089,0.409282,0.61788,-0.392587,0.606097,-0.881277,1.65203,-1.29024,1.3522,-1.36387,1.88214,-1.59242
-6.87756,2.39383,-1.11954,2.16412,-1.14251,1.72285,-0.854875,0.88041,-0.251908,0.290711,0.679197,-0.268743,0.560369,-1.32805,1.30348,-1.30027,1.36268,-1.50919,1.76724,-1.79739
-7.13847,2.14675,-1.1997,2.22267,-1.06144,1.82105,-0.756763,1.08801,-0.106358,0.0800882,0.525433,-0.160979,1.00341,-1.06591,1.36388,-1.47854,1.33337,-1.64759,1.68383,-1.51495
-7.33808,1.90781,-1.59895,1.90362,-0.946437,1.79669,-0.922306,0.840815,-0.13266,0.351164,0.634274,-0.347639,0.631728,-1.14347,1.31848,-1.41581,1.44943,-1.30637,1.73926,-1.76367
-6.74587,2.31657,-1.16698,1.85508,-0.85713,2.17721,-0.98147,0.650418,-0.131343,0.510861,0.311312,-0.391004,0.689431,-1.38275,1.41762,-1.29891,1.34964,-1.32601,1.68833,-1.69532
-6.90052,2.04419,-1.49546,1.83362,-0.984683,2.06428,-0.913686,0.633823,0.0500243,0.560357,0.564591,-0.301419,0.553476,-1.24754,1.63484,-1.19219,1.50986,-1.33121,1.64335,-1.63438
-7.14782,1.83637,-1.32572,2.05626,-1.04078,2.04383,-1.05192,0.729896,0.000558273,0.42871,0.573702,-0.398332,0.544499,-1.21616,1.51647,-1.25988,1.5875,-1.41619,1.69699,-1.60128
-5.57958,3.26584,-0.557672,2.30475,-1.00285,1.79349,-1.22461,0.854918,0.0757947,0.145499,0.238537,-0.480122,0.559378,-1.178,1.39639,-1.56942,1.23786,-1.28394,1.66248,-1.65136
-6.73385,2.90145,-0.613882,2.11926,-0.9956,1.87228,-1.07272,0.82936,0.0876265,0.32968,0.472936,-0.396187,0.818715,-1.10979,1.44731,-1.37523,1.26467,-1.45341,1.90763,-1.56431
-7.29501,1.74287,-1.61158,2.00175,-1.0656,1.82335,-1.11459,0.860791,-0.0960808,0.21918,0.620345,-0.491061,0.832464,-1.04948,1.57311,-1.21454,1.41152,-1.24645,1.68686,-1.74651
-5.0343,2.95813,-1.44595,2.15332,-0.943788,2.11857,-0.947181,0.882897,-0.0819737,-0.00539726,0.319777,-0.457821,0.692665,-1.1367,1.48714,-1.32862,1.40881,-1.43621,1.60607,-1.62595
-6.40509,2.32654,-1.58942,2.11988,-1.09056,2.11238,-0.562691,0.817555,-0.157265,0.0972148,0.49573,-0.439862,0.820723,-1.45638,1.20478,-1.04745,1.66084,-1.54336,1.617,-1.35631
-6.52288,2.12571,-1.70563,2.09343,-1.04934,1.71365,-0.801914,0.982164,-0.097281,0.568466,0.874972,-0.607878,0.381943,-1.36588,1.34613,-1.0047,1.54737,-1.8575,1.29239,-1.41049
-5.06407,2.7626,-1.2599,2.46437,-0.791463,1.96342,-1.20223,0.858026,-0.163137,0.244218,0.530278,-0.474925,0.577465,-1.2372,1.26101,-1.27224,1.54619,-1.40508,1.66566,-1.70098
-5.83625,2.3412,-1.5454,2.15613,-1.18854,2.26045,-0.989514,0.56758,-0.186383,0.26774,0.773054,-0.264736,0.651703,-1.41768,1.46014,-1.04354,1.51541,-1.44552,1.46038,-1.68372
-6.75829,1.73061,-1.46314,1.70733,-1.7677,1.88656,-0.755641,1.04985,-0.271547,0.00985843,0.501944,-0.131131,0.806574,-1.42925,1.39234,-1.11068,1.25514,-1.28056,1.83943,-1.56517
-6.17926,2.07011,-1.00462,2.05814,-1.50029,1.87065,-1.01395,1.29505,-0.0746456,0.181195,0.149938,-0.545318,0.74232,-0.803838,1.81923,-1.2354,1.11999,-1.41197,1.74995,-1.91486
-6.18032,2.18686,-1.40395,2.04898,-1.18325,1.81823,-1.11216,1.10469,0.0897276,0.399589,0.447689,-0.419985,0.84193,-1.14548,1.37793,-1.29561,1.47136,-1.33846,1.62508,-1.71158
-5.92817,2.6116,-1.0233,2.36372,-0.928278,1.73269,-1.0037,1.16891,0.185105,0.527071,0.655675,-0.478266,0.886497,-1.0641,1.10657,-1.27761,1.44391,-1.36269,1.56395,-1.73675
-4.21719,2.44172,-1.96947,2.46652,-1.37477,1.2377,-1.48626,0.776092,-0.550412,0.0161548,0.20868,-0.595789,0.799776,-0.925026,1.20555,-1.29189,1.57278,-1.42155,1.84329,-1.48999
-6.07103,1.71182,-2.11349,2.13649,-0.999225,1.5711,-1.21268,0.964593,-0.388458,0.0898447,0.299091,-0.516471,0.958347,-0.952389,1.10455,-1.40542,1.63843,-1.43291,1.82146,-1.30019
-6.04908,1.70844,-2.22858,2.2182,-1.16205,1.56049,-1.22179,0.982184,0.111616,0.168391,0.258747,-0.459614,1.03533,-0.966846,1.32118,-1.22107,1.69746,-1.5011,1.64306,-1.66392
-5.42011,2.6946,-1.1844,2.81208,-0.858503,1.75748,-0.871414,0.988906,-0.0841652,0.105478,0.299147,-0.408551,0.950723,-1.15021,1.25056,-1.19715,1.60737,-1.44351,1.59346,-1.70875
-6.33708,2.41337,-1.16704,2.40345,-0.909971,1.98844,-1.05133,0.830595,-0.117483,0.337589,0.552988,-0.282546,1.13285,-1.14806,1.34566,-1.4558,1.3402,-1.38743,1.80653,-1.77214
-7.0511,2.00219,-1.48177,1.92466,-1.41405,1.76262,-1.31853,0.641584,-0.199929,-0.0535349,0.584471,-0.522725,0.733065,-1.02122,1.5376,-1.32942,1.51215,-1.15553,1.91043,-1.77876
-6.51907,2.15435,-1.19979,2.14056,-1.1358,2.06139,-1.05929,0.817813,-0.0748884,0.106439,0.429406,-0.203919,0.896818,-0.968935,1.35617,-1.57002,1.14215,-1.28164,1.68269,-2.10881
-6.95325,1.84162,-1.40141,2.27653,-0.930967,1.80452,-1.06429,1.06829,-0.123958,0.178116,0.46105,-0.369414,1.02152,-0.964986,1.41037,-1.56274,1.30834,-1.20562,1.79871,-1.70559
-6.99582,1.6177,-1.35048,2.24978,-0.929601,1.636,-1.56045,0.878755,-0.0390323,0.248602,0.570206,-0.234729,0.779076,-1.06538,1.32294,-1.32189,1.53207,-1.07837,1.88198,-1.84291
-5.9549,2.95956,-0.968867,2.2811,-0.736788,1.77777,-1.43319,0.645734,0.118406,0.468045,0.388758,-0.557483,0.565962,-1.4113,1.4379,-1.14413,1.4949,-1.15163,1.87798,-1.6233
-6.55325,2.44775,-1.01689,2.34707,-0.753311,1.90075,-1.26715,0.668877,-0.0597977,0.222928,0.60199,-0.287332,0.625214,-1.20301,1.58701,-1.32431,1.19191,-1.36486,1.7135,-1.78519
-6.62087,2.49486,-0.835109,2.50853,-0.653209,1.92016,-1.16873,0.7385,0.00125851,0.233878,0.649737,-0.37261,0.684793,-1.00327,1.47865,-1.31803,1.33913,-1.29312,1.58238,-1.78848
-4.09594,3.14909,-1.46067,2.50058,-1.10562,1.42792,-1.22613,0.79018,-0.453576,0.0264825,0.281578,-0.45045,0.663816,-1.10191,1.40773,-1.2738,1.50654,-1.39708,1.66648,-1.60438
-5.95043,2.5339,-1.62429,2.37512,-0.74787,1.7703,-0.836821,1.02609,-0.110457,0.162788,0.514926,-0.598074,0.963579,-0.930576,1.29316,-1.38593,1.34869,-1.37879,1.66454,-1.3478
-6.33396,2.629,-1.85345,2.21103,-1.05833,1.44685,-1.20409,0.82238,-0.027713,-0.0348392,0.452547,-0.751155,0.981135,-0.864116,1.64994,-1.52559,1.21453,-1.2293,1.63081,-1.48591
-5.3881,3.07116,-1.58293,1.96915,-1.12156,1.71351,-0.934057,0.878497,-0.0292108,0.122534,0.444653,-0.523731,0.739067,-0.941618,1.40503,-1.44794,1.32993,-1.44458,1.54111,-1.60153
-6.65545,2.75216,-1.32491,2.29826,-0.868056,1.82992,-0.83603,0.528535,-0.0940374,0.0903176,0.498611,-0.582952,0.975436,-1.01512,1.30626,-1.21685,1.40844,-1.60472,1.49923,-1.27011
-6.59697,2.86124,-1.21307,2.15882,-0.947279,1.72823,-1.18793,0.4802,-6.14835e-5,0.442732,0.639962,-0.541844,0.783161,-1.0797,1.51476,-1.11395,1.60582,-1.41571,1.59507,-1.5078
-4.27945,3.43023,-1.5223,2.2415,-1.21906,1.57138,-0.902331,0.847183,-0.168552,0.214915,0.332541,-0.603234,0.837327,-0.944848,1.38427,-1.47456,1.41369,-1.51572,1.48076,-1.39687
-5.0854,2.92221,-1.9135,2.25387,-1.11992,1.64878,-0.672538,0.605817,-0.235151,0.289802,0.458417,-0.673504,0.909301,-1.02959,1.47035,-1.58292,1.17857,-1.36339,1.85689,-1.27497
-6.16186,3.15538,-1.40247,1.94788,-1.31588,1.66149,-0.882025,0.326332,0.137923,0.610871,0.271195,-0.479406,0.999779,-1.31995,1.32874,-1.60158,1.16885,-1.27879,1.70725,-1.64084
-5.95635,2.97313,-1.36106,2.24535,-0.898793,1.67741,-1.17453,0.675745,-0.0317764,0.611493,0.323582,-0.658132,1.02763,-1.21927,1.50992,-1.74978,0.98888,-1.29572,1.90928,-1.56968
-6.1418,3.3551,-1.61322,2.24634,-1.0807,1.62339,-0.735863,0.335607,-0.0710522,0.289677,0.560706,-0.73596,1.03727,-1.52575,1.53445,-1.74646,1.10782,-1.08173,1.66248,-1.28837
-5.79972,3.75235,-1.81698,2.29603,-1.08636,1.53687,-0.643751,0.509852,0.0725435,0.148636,0.61447,-0.819502,1.10379,-1.34492,1.4549,-1.50594,1.15149,-1.29485,1.65077,-1.16617
-3.93036,2.95896,-2.09072,2.18721,-1.245,1.51488,-1.22329,0.734994,-0.461787,0.201353,0.213671,-0.492494,0.82296,-1.10516,1.22661,-1.48549,1.26867,-1.58492,1.77256,-1.46898
-4.95714,2.5995,-2.13111,2.26538,-1.2158,1.47308,-0.933889,0.767427,-0.290385,0.250492,0.421245,-0.305787,0.821426,-1.12965,1.13875,-1.33533,1.61059,-1.53664,1.59374,-1.59676
-5.97184,3.12225,-1.93954,2.10729,-0.819628,1.43417,-0.816442,0.600377,-0.201803,0.309793,0.538507,-0.468612,0.712349,-1.12725,1.23815,-1.4999,1.39198,-1.57054,1.70385,-1.51371
-4.67977,3.49122,-1.41495,2.30808,-1.05607,1.54209,-1.00817,0.644763,-0.345597,0.196628,0.334822,-0.526866,0.741298,-1.18654,1.34051,-1.29575,1.35843,-1.69011,1.65924,-1.56031
-6.2405,3.57223,-1.56037,1.96119,-0.909003,1.36742,-0.801884,0.783774,-0.159247,0.0346665,0.301468,-0.556424,1.01638,-0.998865,1.41591,-1.46266,1.54598,-1.51488,1.49928,-1.4437
-5.70916,2.9019,-1.17906,2.12893,-1.58107,1.86195,-0.807749,0.866826,-0.217379,0.185012,0.229599,-0.474762,0.727748,-1.03166,1.70732,-1.63331,1.57466,-1.61093,1.67817,-1.551
-6.12836,2.90412,-1.27806,2.39192,-0.995328,1.68411,-0.651428,1.16576,-0.111461,0.242344,0.313604,-0.38318,0.90241,-1.27795,1.48366,-1.2706,1.7893,-1.66605,1.55291,-1.4415
-6.00037,3.29787,-1.30917,2.22304,-1.04306,1.46473,-0.866479,0.745403,-0.310505,0.0558144,0.310048,-0.568215,0.935386,-1.03833,1.50043,-1.25333,1.34568,-1.63052,1.64314,-1.60787
-4.9008,3.2998,-1.28933,2.04867,-1.40244,1.49928,-1.01157,0.937516,-0.23757,-0.105156,0.170887,-0.44442,0.899735,-1.05011,1.27571,-1.3006,1.51836,-1.38849,1.59139,-1.64619
-4.87939,3.60555,-1.07189,2.07111,-1.0367,1.55432,-1.03477,1.05655,-0.0701761,0.161566,0.0030342,-0.600596,1.04912,-0.957943,1.31547,-1.54051,1.39026,-1.42513,1.8229,-1.44907
-6.65736,3.71424,-1.31787,1.7961,-0.758103,1.41465,-0.781593,0.636416,-0.245395,0.0424447,0.352775,-0.368435,0.923422,-1.03755,1.3524,-1.54921,1.71372,-1.44327,1.66596,-1.47096
-6.76958,3.83643,-1.49433,2.17715,-0.996172,1.04645,-0.696712,0.450645,-0.0552209,-0.023884,0.458039,-0.547616,0.948629,-0.915552,1.17153,-1.35209,1.61401,-1.38752,1.78539,-1.50534
-3.59052,2.96852,-1.96205,2.56787,-1.24666,1.48484,-1.17466,0.793945,-0.41322,0.278669,0.314061,-0.278654,0.906884,-1.14445,1.44653,-1.31626,1.64201,-1.5189,1.58811,-1.55539
-5.10502,2.91831,-2.11691,2.07626,-0.982082,1.55267,-1.03133,0.780791,-0.344428,0.196906,0.280063,-0.523602,0.965932,-1.17063,1.27447,-1.45113,1.37454,-1.53008,1.72752,-1.51037
-6.11383,3.09693,-1.64099,2.29389,-0.918394,1.42601,-0.781723,0.819052,-0.234674,0.0321446,0.465621,-0.638282,1.04395,-0.901752,1.27693,-1.27182,1.50627,-1.47739,1.6082,-1.47522
-5.66823,3.39042,-1.89463,2.20203,-0.928941,1.45132,-0.712517,0.785531,-0.30023,0.0153149,0.293829,-0.450846,1.18806,-1.12251,1.32252,-1.43755,1.58714,-1.51927,1.48729,-1.64991
-6.77808,3.72772,-2.0887,1.91149,-1.19038,1.12236,-0.744644,0.676657,-0.0520857,-0.0569018,0.505972,-0.632151,1.23958,-1.12405,1.55242,-1.34658,1.52997,-1.68423,1.49706,-1.54225
-5.75936,3.93,-1.90087,1.97363,-1.02383,1.03237,-0.7912,0.86284,-0.197481,0.0950682,0.452265,-0.442046,1.16366,-1.24559,1.47388,-1.36744,1.50189,-1.56747,1.53947,-1.5181
-4.52917,3.76834,-1.67678,2.3255,-1.09776,1.53951,-0.820627,0.559782,-0.507911,-0.180109,0.241077,-0.581636,1.15541,-1.12552,1.27045,-1.36603,1.73618,-1.6911,1.46472,-1.45479
-6.45921,3.95535,-1.32521,2.02085,-0.88902,1.38659,-0.660394,0.515533,-0.209193,0.0378975,0.212938,-0.647296,1.19856,-1.07622,1.46255,-1.49607,1.52217,-1.64629,1.54892,-1.51972
-7.11167,3.94371,-1.36308,1.86199,-1.06576,1.27523,-0.615284,0.731769,-0.0516317,0.0228395,0.406924,-0.639773,1.08314,-1.0761,1.44411,-1.27327,1.42627,-1.76734,1.4166,-1.64579
-6.5188,3.04425,-1.20242,2.20011,-1.12344,1.77609,-0.683375,0.97323,-0.290198,0.199011,0.413787,-0.351643,1.14465,-1.09827,1.53019,-1.42383,1.44368,-1.82532,1.5442,-1.68894
-6.3072,3.76396,-1.48139,2.3368,-0.956433,1.32151,-0.488942,0.707717,-0.236685,-0.141046,0.388729,-0.549426,0.94993,-1.02683,1.4228,-1.41933,1.57061,-1.59623,1.53151,-1.55972
-5.8479,3.9358,-1.64818,2.19105,-0.803229,1.15856,-0.411466,0.656609,-0.0564582,0.0722112,0.320355,-0.556398,0.899822,-1.03203,1.35838,-1.30593,1.51829,-1.35858,1.49637,-1.42002
-3.13494,2.61053,-2.02858,2.21948,-1.19848,1.54312,-1.25903,0.883875,-0.553915,0.25135,0.000537319,-0.580274,0.698913,-1.10442,1.2657,-1.07156,1.49362,-1.57999,1.39193,-1.71481
-4.97674,2.4989,-2.06058,2.05989,-1.13939,1.56304,-0.979193,1.07609,-0.0781418,0.25593,0.0297078,-0.642971,0.865894,-0.88908,1.35597,-1.07251,1.53058,-1.65631,1.56016,-1.56284
-6.32516,3.11274,-2.01665,2.27374,-0.886732,1.25702,-0.79985,0.758732,-0.326932,0.0484883,0.443861,-0.521398,1.09975,-1.00399,1.38778,-1.32079,1.60925,-1.51892,1.66931,-1.53357
-4.55571,3.2369,-1.6096,2.47566,-1.15649,1.4117,-0.909984,0.801482,-0.298441,0.248658,0.367464,-0.528912,0.913252,-1.10999,1.25715,-1.32583,1.55847,-1.52967,1.5753,-1.47452
-6.3438,3.27692,-1.54981,1.95571,-1.03385,1.35404,-1.04855,0.730903,-0.241102,0.291544,0.483089,-0.522078,1.02759,-1.00681,1.38469,-1.26393,1.51559,-1.56344,1.5985,-1.60222
-5.33021,2.5261,-1.39013,2.13504,-1.55042,1.64103,-1.14676,0.734616,-0.450717,0.436775,0.332925,-0.362479,1.05111,-0.918689,1.42311,-1.42334,1.68667,-1.51831,1.61942,-1.51258
-6.51037,3.03672,-0.817685,2.12817,-0.969343,1.77211,-1.00936,0.906584,-0.132619,0.303915,0.443111,-0.466219,0.897104,-1.11029,1.48735,-1.14434,1.73112,-1.57876,1.54704,-1.49758
-6.56176,3.55264,-1.40201,2.0271,-0.789708,1.44777,-0.687085,0.803733,-0.251445,-0.00497692,0.257434,-0.527038,1.05224,-1.00881,1.35249,-1.29959,1.68306,-1.44395,1.66795,-1.65741
-4.95323,3.00846,-1.53283,2.01635,-1.42802,1.65042,-0.873742,0.939173,-0.524299,0.133621,0.209011,-0.355824,1.06728,-0.866111,1.35848,-1.2848,1.73445,-1.53658,1.57208,-1.71469
-4.79084,3.53237,-1.46958,2.03059,-0.942862,1.63966,-0.73659,0.981012,-0.314871,0.422576,0.305649,-0.594512,0.956765,-1.02831,1.54508,-1.2635,1.48536,-1.46703,1.62935,-1.58481
-6.5013,3.42266,-1.54496,1.83876,-1.0079,1.27598,-0.640769,0.875799,-0.2591,0.240702,0.221693,-0.513883,1.16565,-1.0295,1.18906,-1.3909,1.6203,-1.66362,1.59262,-1.49268
-6.25329,3.72916,-1.87782,2.02494,-1.05949,1.04341,-0.691685,0.56536,-0.105406,-0.0797136,0.375435,-0.491329,0.99452,-1.34108,1.21926,-1.1819,1.5248,-1.49728,1.5309,-1.59323
-3.45956,3.00806,-2.06109,2.45865,-1.04068,1.41701,-1.12351,0.885731,-0.490666,0.37431,0.516244,-0.397031,0.906343,-1.07106,1.43031,-1.17904,1.59186,-1.42258,1.65413,-1.65876
-5.33035,2.84926,-2.13311,2.36422,-0.986719,1.58523,-0.937123,0.87429,-0.20494,0.0285064,0.203732,-0.74616,0.865621,-1.18835,1.24401,-1.45273,1.60064,-1.52286,1.66708,-1.43869
-6.06389,3.22089,-1.77073,2.45134,-1.03578,1.17352,-0.891855,0.874846,-0.23485,-0.0455957,0.336156,-0.601302,0.909054,-1.24839,1.26023,-1.40688,1.71147,-1.54512,1.6541,-1.60393
-6.31115,2.99633,-1.62751,2.48219,-0.810804,1.37415,-1.10106,0.869639,-0.315683,0.145206,0.367326,-0.328526,1.26769,-1.04309,1.4083,-1.4521,1.46235,-1.4163,1.85214,-1.64879
-8.16367,2.6636,-2.67162,1.82627,-1.15238,0.979113,-0.572253,1.03113,-0.115108,0.053995,0.493587,-0.528214,1.13706,-1.28224,1.3876,-1.2265,1.66156,-1.78504,1.81706,-1.47357
-7.35377,3.43802,-1.90574,1.675,-1.44469,1.15234,-0.828863,0.940518,-0.0109059,0.142868,0.527953,-0.706499,1.00286,-1.23571,1.47368,-1.51819,1.64184,-1.70708,1.47007,-1.6956
-4.30186,3.77843,-1.75588,2.03131,-1.28312,1.58853,-0.608327,0.941725,-0.025549,0.226801,0.468312,-0.503674,0.753174,-0.896376,1.64667,-1.43481,1.73317,-1.38049,1.53095,-1.42456
-5.19065,3.55402,-2.20517,2.13945,-0.748552,1.21317,-0.698506,0.736013,-0.118415,0.0456193,0.19809,-0.732221,0.815704,-0.963957,1.23782,-1.43147,1.38685,-1.73995,1.71369,-1.39017
-6.22006,3.56543,-2.17883,2.01698,-0.946109,1.29932,-0.360317,0.860156,0.121781,0.0128832,0.255587,-0.741338,0.691085,-1.3168,1.22388,-1.40541,1.44863,-1.4023,1.76291,-1.36163
-5.93113,3.15248,-1.21814,2.17617,-1.12124,1.64988,-0.873072,0.981084,-0.0469869,0.257358,0.191649,-0.594802,0.997218,-1.10749,1.43264,-1.55435,1.53316,-1.29695,1.83242,-1.4419
-5.73036,3.64036,-1.98843,2.2842,-0.884912,1.10754,-0.667779,0.609883,-0.22293,-0.0574772,0.321148,-0.386015,1.0522,-1.10057,1.41737,-1.3494,1.41143,-1.3791,1.65141,-1.57862
-5.82352,3.64015,-2.07265,2.34092,-0.792185,0.952831,-0.474493,0.563921,0.121529,-0.0247956,0.265617,-0.540005,0.910163,-0.920185,1.39797,-1.24194,1.62225,-1.27552,1.7909,-1.43425
-3.66704,2.81739,-2.21069,2.21365,-1.46156,1.23607,-1.27755,0.908486,-0.406016,-0.107789,-0.160837,-0.806655,0.791243,-0.995573,1.36481,-1.47026,1.425,-1.60416,1.52124,-1.63845
-5.55578,2.67566,-2.28949,1.8418,-1.28642,1.5418,-0.909374,0.935486,-0.286465,0.036961,0.0285424,-0.707826,0.802111,-1.1478,1.38183,-1.383,1.58638,-1.67571,1.73194,-1.42
-6.26328,3.07777,-2.24903,2.14267,-1.07484,1.23788,-0.774406,0.791431,-0.163698,0.084617,0.279773,-0.691249,0.885962,-1.0911,1.50319,-1.24923,1.82429,-1.51317,1.53089,-1.53925
-4.92287,3.38354,-1.1827,2.42742,-0.857087,1.60903,-1.033,0.806871,-0.283554,0.407369,0.542785,-0.565918,0.952677,-0.917807,1.24902,-1.33909,1.28478,-1.70152,1.61125,-1.60445
-5.86403,3.13798,-1.95208,1.86589,-1.20389,1.39187,-0.879281,0.931675,-0.0821496,0.0736538,0.262143,-0.640181,0.650216,-1.2078,1.3403,-1.35293,1.52489,-1.62615,1.76293,-1.26506
-5.82684,2.8498,-1.49372,2.25955,-1.56235,1.31283,-1.02431,0.93863,-0.169072,0.079097,0.118079,-0.70736,0.514421,-1.26983,1.51976,-1.34313,1.72097,-1.61198,1.69611,-1.39485
-6.36611,2.74446,-1.24701,2.32518,-0.934449,1.8697,-0.868552,1.14196,-0.116482,0.254339,0.351313,-0.550241,0.788145,-1.42776,1.27691,-1.39977,1.90976,-1.33069,1.84979,-1.42217
-6.25171,3.14707,-1.70791,2.16067,-1.07951,1.47565,-0.805142,0.917185,-0.0861147,0.0586757,0.330331,-0.771762,0.787507,-1.19702,1.31066,-1.48507,1.26299,-1.69498,1.69328,-1.3975
-4.79285,3.14392,-1.92673,2.53197,-0.91891,1.55354,-0.735189,0.968904,-0.00695971,0.206967,0.238067,-0.770407,0.579365,-1.22039,1.35158,-1.30396,1.37667,-1.6604,1.56767,-1.50517
-4.92224,3.43511,-1.32857,2.32313,-1.03732,1.56161,-0.94243,0.610955,-0.260933,0.439289,0.36471,-0.546062,0.906204,-1.11795,1.34867,-1.41013,1.48998,-1.42614,1.70601,-1.46002
-6.46714,3.28745,-1.64571,1.95519,-0.831683,1.62801,-0.586665,0.916232,0.0112639,0.331231,0.423426,-0.574438,0.95357,-1.1832,1.21914,-1.56493,1.5109,-1.47933,1.53835,-1.50976
-6.52761,3.53136,-1.81996,2.09427,-0.630054,1.31552,-0.572017,0.854781,0.0141226,0.140022,0.160578,-0.846414,0.902326,-1.18847,1.24149,-1.35325,1.37744,-1.42679,1.57478,-1.5286
-3.51178,2.79906,-2.00399,2.46851,-1.13018,1.72648,-0.921991,0.953882,-0.325612,0.231321,0.159446,-0.634489,0.705881,-1.11573,1.35482,-1.33876,1.57052,-1.47294,1.45154,-1.57513
-5.40809,3.14129,-1.9678,2.15741,-0.972043,1.66288,-0.773394,0.954506,-0.166052,0.0377175,0.157461,-0.762162,1.01562,-1.09551,1.29812,-1.43727,1.38312,-1.62272,1.55866,-1.63745
-6.58272,3.20043,-1.69339,2.30581,-0.688895,1.62313,-0.415996,0.988395,-0.0117538,0.0174246,0.311207,-0.624887,1.10167,-1.05336,1.20268,-1.48321,1.51412,-1.52569,1.5537,-1.60223
-6.10619,3.17147,-1.84857,2.16122,-1.1202,1.65013,-0.57768,0.803622,-0.397507,-0.150245,0.2316,-0.43226,1.03275,-1.08256,1.26167,-1.48795,1.62757,-1.64679,1.73905,-1.56854
-6.35519,3.35775,-2.27564,2.1393,-1.16086,1.21781,-0.603375,0.704929,-0.323752,-0.253625,0.330142,-0.606337,1.10109,-1.16548,1.28192,-1.36747,1.6526,-1.70505,1.53191,-1.46832
-6.12211,3.52457,-2.20912,1.86293,-1.14406,1.23409,-0.758257,0.749593,-0.189044,-0.144802,0.260046,-0.869922,0.851287,-1.24816,1.2714,-1.1372,1.72554,-1.55582,1.73546,-1.35266
-4.82182,3.40708,-1.59144,2.48865,-0.805215,1.507,-0.921457,0.889964,-0.0788739,0.114163,0.342477,-0.457628,0.835966,-1.18794,1.3117,-1.28506,1.60227,-1.6342,1.56412,-1.36635
-6.12672,3.45034,-2.19797,2.06609,-1.03833,1.03363,-0.575287,0.832629,-0.0532039,0.0691309,0.515096,-0.701965,0.925062,-1.12593,1.45723,-1.19079,1.5799,-1.53795,1.64565,-1.37904
-6.44201,3.34569,-2.07207,2.01133,-1.03431,1.21443,-0.72068,0.591117,0.0116341,0.10674,0.377793,-0.648573,0.736992,-1.1474,1.35175,-1.33887,1.44219,-1.45773,1.7779,-1.28216
-5.61409,2.85911,-1.53464,2.30838,-1.31836,1.7227,-0.800012,1.08156,-0.0702974,0.256821,0.504299,-0.433021,0.708392,-1.26658,1.54275,-1.38895,1.60195,-1.59475,1.68984,-1.46543
-6.27324,3.63377,-1.51624,2.37343,-0.940275,1.0562,-0.852157,0.74718,0.0240778,0.0911287,0.406981,-0.720745,0.769015,-1.301,1.36157,-1.1678,1.5768,-1.59364,1.66805,-1.3442
-5.65975,3.67007,-1.93646,2.41913,-0.610088,1.2989,-0.585192,0.59543,0.171135,0.21321,0.411599,-0.528414,0.978149,-1.17333,1.21852,-1.40385,1.34335,-1.4385,1.65883,-1.32246
-3.50513,2.83407,-2.11395,2.27575,-1.42901,1.43567,-1.26202,0.844913,-0.491035,-0.015215,0.0960964,-0.554455,0.740698,-1.13812,1.2342,-1.52503,1.38327,-1.62375,1.43654,-1.67575
-5.88982,2.66298,-2.24435,2.00031,-1.16445,1.55377,-0.793799,1.06594,0.0268671,0.330474,0.395847,-0.513121,0.746334,-1.26188,1.07215,-1.52575,1.64195,-1.71561,1.54929,-1.6521
-6.36187,2.97321,-2.04126,2.22371,-0.8161,1.41423,-0.738112,0.987958,-0.278999,0.124419,0.287663,-0.562553,0.914168,-1.17839,1.14238,-1.56891,1.37196,-1.68673,1.67289,-1.6378
-4.60718,3.40603,-1.78412,2.45336,-0.789268,1.46943,-0.805667,0.798939,-0.330962,0.336395,0.478239,-0.446046,0.899478,-1.13745,1.30877,-1.49788,1.2197,-1.65583,1.61825,-1.34608
-6.07143,3.05028,-2.06447,2.07975,-1.11588,1.43856,-0.679158,1.02673,0.0246563,0.173098,0.358034,-0.606959,0.824471,-1.32128,0.998466,-1.58545,1.41768,-1.57966,1.82559,-1.41355
-5.93524,2.45935,-1.57356,2.19276,-1.38715,1.53151,-0.912162,1.10333,-0.0154,0.432313,0.173632,-0.620981,0.704684,-1.19871,1.20731,-1.51166,1.51599,-1.59541,1.7014,-1.73894
-6.9158,2.33062,-1.56663,2.21487,-0.904277,1.95886,-0.631965,1.19808,0.200906,0.673932,0.608873,-0.256751,1.26233,-1.01107,1.1096,-1.80641,1.50073,-1.57514,1.68829,-1.62792
-6.10221,3.21412,-1.77213,2.07186,-1.11467,1.5201,-0.638281,0.92842,-0.208453,0.0289164,0.253586,-0.521536,0.791616,-1.25053,0.994552,-1.57031,1.5098,-1.50994,1.74625,-1.58716
-4.98873,2.94919,-1.98786,2.35061,-1.23763,1.58133,-0.909363,0.596927,-0.525888,-0.0714722,0.246218,-0.448025,0.748846,-1.40639,1.07441,-1.12791,1.79074,-1.60238,1.74004,-1.41448
-5.21092,3.2153,-1.53843,2.60145,-1.09887,1.7575,-0.794666,0.627345,-0.338733,0.00301453,0.612619,-0.776702,0.9284,-1.448,1.42455,-1.08056,1.87079,-1.46998,1.72899,-1.21523
-6.29833,3.57918,-1.77662,2.49011,-0.763855,1.45362,-0.5297,0.501963,-0.31261,-0.294381,0.415059,-0.634584,1.11348,-1.24861,1.40894,-1.2637,1.96729,-1.43851,1.59454,-1.45104
-5.85808,3.73746,-2.01097,2.29974,-0.836968,1.12615,-0.298135,0.57301,-0.289608,-0.304639,0.155558,-0.467923,1.08857,-0.842783,1.53714,-1.11131,1.69719,-1.50557,1.63003,-1.29634
-3.83127,2.61055,-2.27206,2.07425,-1.58549,1.45492,-1.17876,0.843023,-0.526192,-0.0659652,-0.037804,-0.572236,0.781517,-1.22394,1.1309,-1.45808,1.46351,-1.63942,1.54393,-1.86895
-5.63764,2.59788,-2.33352,2.01922,-1.30299,1.59127,-0.749388,0.852244,-0.398713,0.0669014,0.343816,-0.419482,1.09771,-1.07657,1.24644,-1.56271,1.54447,-1.54236,1.69331,-1.7256
-6.15248,2.89435,-2.27596,2.25863,-0.929262,1.368,-0.744971,0.913043,-0.265834,0.0163118,0.36504,-0.62033,0.987616,-1.17896,1.26958,-1.53829,1.52257,-1.61869,1.64732,-1.61571
-5.94955,3.31134,-1.60051,2.37066,-0.5618,1.69716,-0.51813,0.871962,-0.157135,0.316306,0.490891,-0.517096,0.959599,-1.32643,1.39436,-1.22261,1.58102,-1.6339,1.42097,-1.6768
-6.30668,2.36474,-1.63657,2.25061,-1.42877,1.09773,-0.638089,1.54095,-0.313168,-0.118037,0.0764212,-0.446732,0.738513,-1.11492,1.53325,-1.36855,1.59653,-1.5355,1.91026,-1.50576
-5.67738,2.47841,-1.39524,2.20179,-1.62974,1.23281,-1.14532,1.23958,-0.251973,0.0777424,0.123422,-0.443398,0.714049,-1.03994,1.58374,-1.35058,1.43154,-1.68803,1.66627,-1.5613
-4.85289,3.10539,-0.756105,2.66601,-1.26118,1.67672,-0.900681,0.921386,-0.103411,0.198099,0.407131,-0.438166,1.01854,-0.986879,1.33355,-1.05399,1.30213,-1.75404,1.46267,-1.53307
-6.46999,2.85456,-1.15162,2.22774,-1.08213,1.73506,-0.754318,0.730339,-0.0426756,0.0893003,0.4931,-0.319621,0.933591,-1.21268,1.32571,-1.16543,1.41762,-1.57033,1.66457,-1.26851
-6.8353,2.73856,-1.27892,2.04525,-1.51993,1.30665,-1.08469,0.664721,-0.0558023,0.134226,0.573116,-0.362162,0.865739,-1.24937,1.33226,-1.27273,1.54377,-1.42894,1.59767,-1.44836
-6.00987,2.67749,-0.993923,2.46714,-1.15484,1.76228,-0.960918,0.771623,-0.343463,0.3845,0.567914,-0.458082,0.707608,-1.1951,1.26266,-1.37466,1.62001,-1.45714,1.49058,-1.6398
-6.78355,3.32298,-0.874075,2.17875,-0.817283,1.74671,-0.639202,0.680765,-0.0756098,0.0689083,0.31709,-0.360806,0.879938,-1.24734,1.36033,-1.15276,1.39401,-1.61551,1.53539,-1.55375
-6.2249,2.56,-1.39182,2.07801,-1.10607,1.66922,-0.795806,0.795108,0.0236343,0.313483,0.210512,-0.471472,0.799783,-1.08057,1.13494,-1.06144,1.67295,-1.57168,1.54473,-1.48522
-4.2228,3.016,-2.12977,2.39776,-0.930029,1.62593,-0.914002,0.896946,-0.120792,0.099331,0.261916,-0.500619,0.791304,-0.889985,1.3997,-1.24564,1.65385,-1.61215,1.48979,-1.57727
-6.0756,3.25048,-1.87804,2.14792,-0.726228,1.28155,-0.792252,0.615732,-0.0585075,0.191226,0.505804,-0.344913,0.926664,-0.987524,1.13006,-1.34799,1.54455,-1.43307,1.64816,-1.63501
-6.23015,2.46819,-1.7451,2.34195,-1.1746,1.35805,-0.99941,0.760885,-0.0594397,0.188335,0.565041,-0.329612,0.822611,-1.17397,1.24287,-1.18323,1.77346,-1.54176,1.49388,-1.63589
-5.29659,3.12412,-1.48782,2.34356,-1.06539,1.81055,-0.818276,0.739644,-0.133179,0.338917,0.566185,-0.388462,1.00962,-1.2162,1.21039,-1.3942,1.38356,-1.54859,1.70913,-1.50879
-6.38904,3.01324,-1.37165,2.16208,-0.93448,1.83092,-0.718524,0.530731,-0.0731763,0.172202,0.439986,-0.428839,0.895684,-0.911101,1.46829,-1.34948,1.30339,-1.55221,1.64885,-1.66611
-6.33464,3.01352,-1.35891,1.84022,-1.48444,1.68158,-0.888581,0.462238,-0.0759765,0.242308,0.379208,-0.642644,0.717483,-1.04038,1.45734,-1.36399,1.55755,-1.34361,1.67227,-1.50797
-5.74101,3.42038,-0.930283,2.23938,-1.34568,1.81933,-0.816305,0.689866,0.108191,0.119468,0.396835,-0.488878,0.835581,-1.18899,1.33739,-1.57847,1.50596,-1.15265,1.71345,-1.68666
-7.50826,3.1698,-1.09768,2.32892,-0.686367,1.53723,-0.697331,0.633786,-0.172659,0.127688,0.598829,-0.555078,0.807247,-1.11392,1.43936,-1.46639,1.48722,-1.33347,1.70209,-1.55982
-6.81045,2.72301,-1.2927,2.00034,-1.22487,1.48201,-0.867904,0.666374,-0.162159,0.224755,0.462719,-0.405386,0.746026,-1.07417,1.46504,-1.31301,1.41027,-1.27772,1.81235,-1.70178
-5.3166,3.18877,-1.14503,2.15028,-1.15438,1.64443,-1.09114,1.07737,0.265677,0.481776,0.0848408,-0.865336,0.858149,-0.835708,1.55185,-1.6182,1.23544,-1.22686,1.94181,-1.53835
-6.9008,2.98615,-1.22434,1.95743,-0.637383,1.7988,-1.14515,0.443395,-0.0732845,0.336675,0.623902,-0.603447,0.426118,-0.959568,1.60173,-1.55098,1.39206,-1.1434,1.79951,-1.64699
-6.41635,2.77162,-1.53375,1.9412,-1.24101,1.71505,-0.983642,0.479332,0.0654178,0.345302,0.440574,-0.650134,0.663613,-0.979736,1.49309,-1.46706,1.31522,-1.22357,1.93523,-1.59803
-4.41721,3.30074,-2.19152,2.26097,-0.971364,1.55977,-0.82171,0.789815,-0.14504,0.286901,0.442467,-0.57842,0.922155,-1.11283,1.36034,-1.28287,1.65038,-1.40298,1.51931,-1.56741
-5.85688,3.21314,-1.76252,2.40665,-0.901457,1.49386,-0.729496,0.801254,0.123068,0.286961,0.201147,-0.911676,0.910557,-1.27576,1.50376,-1.11334,1.54287,-1.6867,1.60915,-1.62498
-6.16189,2.96356,-1.73121,2.08615,-0.989645,1.39306,-0.993968,0.637989,-0.0883743,0.24572,0.35673,-0.727367,0.467644,-1.2313,1.6517,-1.09017,1.53671,-1.38574,1.56839,-1.64932
-5.69705,3.15839,-0.986192,2.32263,-1.10902,1.55082,-1.01386,0.938482,0.0217231,0.345448,0.348342,-0.545979,0.817417,-1.18837,1.49892,-1.02397,1.61537,-1.56378,1.54114,-1.73702
-6.51179,2.73307,-0.420603,2.90456,-1.22641,0.896387,-1.29674,1.01788,0.41501,0.725879,0.409322,-0.7851,0.135561,-1.34612,1.77985,-0.530817,1.84821,-2.03961,1.1111,-1.49756
-5.58635,2.87947,-1.04879,2.20248,-1.2355,1.52474,-1.12507,1.05195,0.0808484,0.196027,0.275857,-0.337154,0.746279,-1.23459,1.39296,-1.06862,1.70312,-1.68574,1.35916,-1.59728
-4.87581,3.07987,-1.33912,2.11011,-1.34123,1.74215,-1.04563,0.915675,-0.138,0.0913738,0.325846,-0.440528,0.866697,-1.11531,1.16084,-1.38719,1.55669,-1.50118,1.61737,-1.44702
-6.51413,2.97838,-1.12566,2.05409,-1.19237,1.66941,-0.81826,0.738261,-0.105972,0.22499,0.259538,-0.560524,0.802046,-1.22605,1.06128,-1.30239,1.68517,-1.72635,1.41001,-1.32825
-7.16175,2.45702,-1.12493,2.16344,-1.27025,1.5797,-0.965072,0.76321,-0.0512348,0.10568,0.412965,-0.279472,0.720085,-1.44666,1.47328,-1.07102,1.63966,-1.57574,1.58656,-1.53236
-6.29476,2.68408,-0.550893,2.59682,-1.14353,1.48415,-1.28094,1.15809,0.167506,0.29638,0.555537,-0.505441,0.254426,-1.46721,1.53565,-1.17182,1.47685,-1.50622,1.69589,-1.52725
-6.77951,3.22373,-0.700168,2.33054,-0.750565,1.4121,-1.13422,0.725123,0.172114,0.434459,0.481899,-0.402663,0.76422,-1.30401,1.17249,-1.38346,1.54577,-1.2465,1.74703,-1.60805
-6.03757,2.42439,-1.36946,2.41209,-0.93558,1.63115,-1.15885,0.663047,-0.148495,0.387117,0.37651,-0.396709,0.764451,-1.21679,1.13223,-1.02677,1.85477,-1.47086,1.73204,-1.5868
-3.8904,3.14149,-2.06883,2.38905,-1.0661,1.65577,-1.08404,0.670914,-0.270112,0.222895,0.509704,-0.401968,0.829696,-1.17839,1.13948,-1.37039,1.69054,-1.43549,1.65355,-1.48004
-6.25701,3.0179,-1.97134,2.19494,-0.767032,1.46099,-0.7922,0.577642,0.00151881,0.185515,0.52738,-0.32444,0.930583,-1.11684,1.14776,-1.32459,1.59158,-1.47291,1.54477,-1.78995
-6.11018,2.30717,-1.75181,2.27561,-1.13052,1.70761,-0.878571,0.664094,-0.0626611,0.230735,0.464301,-0.380421,0.819796,-1.13234,1.23644,-1.01799,1.71436,-1.57376,1.62994,-1.56392
-5.40137,3.01997,-1.29291,2.31944,-1.00939,1.71137,-1.09229,0.692995,-0.0040869,0.599888,0.623527,-0.615897,0.918485,-1.12683,1.13722,-1.18611,1.60838,-1.32242,1.6459,-1.7571
-6.34364,2.76674,-1.56682,2.00419,-1.30134,1.64467,-0.745113,0.929441,0.0700702,0.325296,0.471676,-0.628788,0.778413,-0.997961,1.40894,-1.51405,1.45689,-1.35447,1.72703,-1.72793
-6.45764,2.83512,-1.43362,1.86866,-1.22205,1.83036,-1.05895,0.665744,0.139498,0.113041,0.313011,-0.60792,0.644128,-1.1919,1.59232,-1.26913,1.46592,-1.315,1.73087,-1.75653
-5.94187,3.22722,-0.937894,2.42203,-0.916497,1.5614,-1.28334,0.801951,0.267042,0.15884,0.282788,-0.440928,0.942276,-1.24912,1.14491,-1.54539,1.36407,-1.17878,1.86857,-1.74289
-7.45393,3.07484,-0.891888,2.13475,-0.90196,1.40812,-1.06569,0.726358,0.0403853,0.453531,0.790754,-0.516824,0.742429,-1.15549,1.43055,-1.45671,1.52318,-1.29817,1.66754,-1.7078
-6.90269,2.626,-1.39035,2.08152,-1.14918,1.62104,-0.755947,0.775546,-0.0302176,0.208478,0.359253,-0.5853,0.646033,-1.10014,1.61208,-1.22555,1.42188,-1.3209,1.74606,-1.72725
-4.97041,3.2055,-1.57497,2.07204,-1.36715,1.69178,-0.952924,0.905184,-0.163673,0.489494,0.412328,-0.676371,0.780749,-1.01003,1.63132,-1.41699,1.31027,-1.53274,1.83196,-1.56201
-6.39549,2.90779,-1.38806,2.05194,-0.918621,1.60766,-1.11535,0.644137,-0.0434454,0.426785,0.654613,-0.749106,0.459867,-0.926284,1.58788,-1.48884,1.29338,-1.34917,1.86872,-1.75301
-6.4672,2.52626,-1.38386,2.18917,-1.037,1.55989,-1.14287,0.644471,-0.00465215,0.333878,0.379574,-0.604665,0.708734,-0.90442,1.53382,-1.38143,1.38366,-1.24985,1.74533,-1.75689
-4.36265,3.19322,-1.98602,2.32282,-0.984549,1.54045,-0.915493,0.871658,-0.154041,0.20113,0.417812,-0.500088,0.931137,-1.01858,1.30292,-1.19106,1.70692,-1.37205,1.58156,-1.68125
-5.93195,2.58869,-1.97006,2.18219,-1.33109,1.31525,-0.755917,1.19262,0.107846,0.261149,0.348495,-0.714486,1.09872,-1.14456,1.25834,-1.18356,1.52096,-1.54143,1.65059,-1.59677
-5.75695,2.73784,-1.92916,2.06354,-1.07916,1.57004,-0.967328,0.774997,-0.0470542,0.266962,0.46886,-0.645968,0.683248,-1.14865,1.51449,-1.22981,1.57929,-1.30342,1.58002,-1.68885
-5.7733,3.17941,-1.11732,2.22748,-1.1244,1.65059,-0.840702,1.02206,0.104726,0.188231,0.347623,-0.456403,0.918491,-1.13562,1.34985,-1.18018,1.61627,-1.67357,1.52382,-1.51521
-6.31341,2.61348,-0.681004,2.62444,-1.45036,1.2208,-1.01194,1.29717,0.344559,0.416734,0.287457,-0.797697,0.390619,-1.17786,1.53257,-0.81724,1.89738,-2.05305,1.26597,-1.50368
-5.61476,2.75194,-1.10446,2.239,-1.44307,1.35419,-1.13299,1.36023,0.295223,0.100797,0.00514378,-0.569142,0.910564,-0.916127,1.4485,-1.16201,1.63121,-1.55807,1.51695,-1.61644
-4.79071,3.17842,-1.09298,2.1125,-1.4668,1.57351,-1.05554,1.0572,0.150124,0.292516,0.1059,-0.415128,0.998186,-0.97124,1.40044,-1.25129,1.39542,-1.43446,1.74432,-1.56189
-6.12888,2.82688,-1.07892,1.92001,-1.28168,1.68884,-1.11586,0.954437,-0.25204,0.133514,0.393033,-0.539291,0.529878,-1.11383,1.50512,-1.41749,1.41942,-1.36855,1.71482,-1.50223
-6.23969,2.58404,-1.04468,2.13946,-1.19122,1.8231,-1.04004,0.8732,-0.324474,0.499111,0.398614,-0.751396,0.529969,-1.15149,1.40845,-1.39499,1.4703,-1.54849,1.63924,-1.59948
-5.18305,3.18125,-1.12681,2.25747,-1.31108,1.5744,-0.926192,0.976059,-0.330189,0.367952,0.575662,-0.516164,0.778631,-1.18821,1.37235,-1.37018,1.42946,-1.56725,1.75342,-1.49244
-6.50799,2.82683,-0.71416,2.21273,-1.43055,1.59262,-1.08375,1.00073,-0.414643,0.428323,0.792606,-0.343352,0.630411,-1.04388,1.61872,-1.553,1.56712,-1.52797,1.73951,-1.44097
-6.62698,2.56588,-0.780608,2.34454,-1.28003,1.52626,-1.29038,0.865212,-0.188517,0.527194,0.490374,-0.453561,0.827817,-1.00794,1.54171,-1.63765,1.27934,-1.551,1.80213,-1.37968
-6.48484,2.20136,-1.00354,2.57903,-1.37651,1.29085,-1.21979,0.999678,-0.136762,0.324648,0.37761,-0.518219,0.77044,-1.14024,1.24258,-1.66068,1.25284,-1.37584,1.91288,-1.29455
-7.00046,1.95009,-1.30548,1.97294,-1.64601,1.55289,-1.26827,0.715375,-0.299072,0.459985,0.557486,-0.511619,0.716503,-0.960982,1.76262,-1.4434,1.56571,-1.56752,1.57098,-1.38517
-5.85664,2.59474,-1.51416,2.03142,-1.57124,1.63388,-1.12903,0.819892,-0.193341,0.245778,0.242009,-0.601868,0.915442,-1.05976,1.29834,-1.52153,1.51956,-1.6909,1.58307,-1.51191
-5.22131,3.43786,-1.28807,2.07583,-1.16435,1.7147,-1.04579,0.865689,-0.0738955,0.225995,0.306438,-0.46477,1.09639,-1.0908,1.43645,-1.31298,1.52711,-1.492,1.57792,-1.43524
-5.59268,3.17436,-1.23318,2.11481,-1.09817,1.78196,-0.961139,0.984441,-0.163462,0.317382,0.453764,-0.73301,0.697552,-1.19351,1.28744,-1.46594,1.61747,-1.37768,1.38641,-1.60473
-6.13577,2.70369,-1.06321,2.06896,-1.17323,1.63367,-0.707181,1.05962,-0.181936,0.237297,0.321751,-0.540596,0.768905,-0.969063,1.3089,-1.20998,1.60768,-1.41082,1.45585,-1.3948
-4.72565,3.2593,-1.46582,1.84009,-1.35029,1.64696,-0.813766,0.984346,-0.375651,0.0328021,0.290615,-0.530673,0.929546,-0.969964,1.28685,-1.25916,1.43504,-1.44815,1.56612,-1.49308
-6.25585,3.21024,-1.15488,2.14998,-1.25769,1.46525,-1.01162,0.846544,-0.166055,-0.0942299,0.233731,-0.507796,1.02089,-1.03231,1.15249,-1.42177,1.57675,-1.50682,1.3853,-1.59487
-6.68957,2.89973,-0.867305,2.29163,-1.06232,1.59924,-1.03628,0.914782,-0.229436,-0.0563184,0.411164,-0.424068,1.02834,-1.05518,1.18067,-1.37663,1.73587,-1.53038,1.30481,-1.40232
-7.32269,2.65112,-0.878747,2.35526,-1.14503,1.5744,-0.865199,1.01358,-0.29821,-0.181673,0.533633,-0.392574,1.03336,-1.1558,1.35709,-1.28524,1.81395,-1.57773,1.37085,-1.16083
-7.64813,2.70936,-0.887495,2.34085,-1.1447,1.3202,-1.262,1.0803,-0.165853,-0.0985293,0.509745,-0.524247,0.862624,-1.06971,1.28731,-1.47635,1.91838,-1.69954,1.24473,-1.3046
-7.87262,2.50433,-1.17531,2.24083,-1.15279,1.41776,-1.18668,1.05572,-0.102404,0.0187251,0.394402,-0.441211,0.993587,-1.25985,1.26854,-1.45647,1.95256,-1.78183,1.23807,-1.36753
-8.57221,2.10621,-1.23432,2.31833,-1.07382,1.33072,-1.27545,0.857177,-0.072566,0.147036,0.383122,-0.398785,1.02941,-1.22072,1.43031,-1.27446,2.07048,-1.85347,1.00824,-1.5058
-8.96289,2.00754,-1.52563,2.1554,-1.34149,1.34628,-1.07143,1.25525,-0.0403095,0.0325958,0.471914,-0.45312,0.925594,-1.53452,1.33558,-1.42181,1.90537,-2.06639,1.14017,-1.30893
-9.48729,1.74355,-1.58759,2.48417,-1.18363,1.26332,-1.06891,1.10124,0.0346043,-0.0548462,0.249792,-0.564767,0.941754,-1.17546,1.7013,-1.27421,1.88233,-2.02914,1.309,-1.40932
-10.2451,1.64979,-1.25541,2.53162,-1.40782,1.18496,-0.821145,1.23866,-0.12406,-0.11682,0.571853,-0.354243,1.01737,-1.48589,1.49283,-1.24352,2.13927,-2.059,0.964451,-1.48716
-15.7768,1.09154,-0.00693204,1.35308,-0.348389,0.663882,-0.135953,0.443135,0.0913921,-0.366049,0.768968,-0.330256,0.872577,-1.1767,1.21582,-0.953411,1.71388,-1.46078,0.796745,-0.909111
-18.6779,2.70614,0.523343,0.303337,0.234843,0.208496,0.262946,-0.261238,0.354571,-0.997863,0.828336,-0.649262,0.969146,-0.972018,1.07323,-1.05415,1.15974,-1.23719,1.2185,-0.913364
-18.8471,2.18429,0.718771,0.473521,0.376591,0.0822237,0.420108,-0.247374,0.58717,-0.696987,1.15807,-0.557317,0.933005,-0.824999,1.15345,-0.912696,1.00606,-1.14267,1.09645,-0.718102
-19.2353,2.39577,0.550776,0.513735,0.159872,0.0963051,0.415754,-0.229206,0.448163,-0.730199,1.08715,-0.696495,1.03586,-1.02773,1.14898,-0.810232,0.985903,-1.11473,1.21408,-1.03672
-19.0295,2.40876,0.533734,0.450218,0.40245,-0.023377,0.396692,-0.299257,0.370017,-1.01931,1.13131,-0.654262,1.09586,-1.02698,0.83306,-0.807085,1.12765,-1.19032,1.07853,-0.840155
-21.3344,2.27323,0.927826,0.176577,0.671699,-0.25624,0.403275,-0.43864,0.374274,-1.2521,1.21949,-0.344978,1.21229,-1.16659,0.740973,-0.720551,1.23229,-1.18507,0.969691,-0.833692
-32.0466,0.176922,1.02396,-0.794334,0.845884,-0.716039,1.07512,-0.660811,1.01311,-1.28308,1.16968,-0.782026,1.17936,-1.19995,0.953499,-1.0552,1.21506,-1.19756,1.29906,-0.992971
-46.4121,-0.434132,1.53614,-0.958596,1.25833,-0.628879,2.23847,-2.13393,1.79611,-2.13508,0.537728,-1.97211,1.93458,-1.50127,1.33943,-1.53024,1.62731,-1.50609,1.42265,-1.55685