3.60154e-5,2.81093e-5,2.29421e-5,1.90863e-5,1.46071e-5,9.22266e-6,7.35047e-6,5.45666e-6,6.98552e-6,7.02679e-6,5.66796e-6,6.12434e-6
0.000141305,0.000112271,0.000114908,9.87858e-5,8.09024e-5,7.70595e-5,5.91184e-5,3.98131e-5,3.7729e-5,6.41534e-5,6.46072e-5,6.88668e-5
0.000205984,0.000137933,0.000143717,0.000126112,0.000153859,0.000194065,0.000130976,0.000107896,0.000150274,0.000149263,0.00025498,0.000228876
0.000144855,0.000130909,0.000124795,9.49019e-5,9.90881e-5,0.000150815,0.000132571,8.51131e-5,0.000125489,0.000136268,0.000237152,0.000199697
0.000130018,0.000127136,0.000122566,7.53047e-5,7.88888e-5,0.000129938,9.77701e-5,5.70196e-5,0.000120767,0.000103071,0.000195744,0.000172819
0.000123706,0.000125791,0.000169364,0.000142233,0.000140097,0.000228789,0.000158022,0.000132013,0.000160246,0.000136946,0.000170819,0.000157547
0.000158094,0.000171497,0.000118113,0.000112217,0.00015793,0.000300028,0.000314233,0.000158134,0.00010678,0.000103773,0.000172218,0.00016147
0.000152316,0.000165582,9.9668e-5,9.94248e-5,0.000148693,0.000288582,0.000329689,0.000209949,0.000147422,0.000159798,0.000233915,0.000192953
0.000114773,0.000123192,0.000100849,9.16744e-5,0.00012178,0.000268936,0.000348852,0.000191873,9.22255e-5,9.60512e-5,0.000188311,0.000140482
8.6696e-5,7.51787e-5,6.93395e-5,7.68411e-5,0.000111275,0.000208825,0.000290727,0.000171898,0.000106254,9.78229e-5,0.000195402,0.000130815
0.00010814,0.000141815,0.000119204,6.68493e-5,9.72799e-5,0.000210492,0.000227218,0.000144069,9.72348e-5,8.16395e-5,0.000197871,0.000154366
0.00080749,0.000549631,0.000558125,0.000758351,0.000779768,0.000724634,0.000360461,0.000170371,0.000426131,0.000371197,0.000346185,0.000280441
0.0340735,0.0339882,0.0327302,0.0314939,0.0321275,0.0299317,0.026895,0.0241635,0.0243961,0.0253376,0.0258652,0.0281431
0.06628,0.0731669,0.0736365,0.0819041,0.0692195,0.0600176,0.0536987,0.0661869,0.0721098,0.0525121,0.0617721,0.0537024
0.0375241,0.0370357,0.0541916,0.0689733,0.0589165,0.0233841,0.0214189,0.02387,0.0265656,0.0288604,0.0258571,0.0240871
0.0207562,0.0150187,0.0222078,0.052589,0.0507566,0.0196489,0.00669779,0.00867638,0.00824662,0.0100287,0.00871844,0.0083538
0.00920706,0.00733126,0.0168406,0.0414403,0.0492471,0.0238143,0.00591015,0.00526996,0.0108869,0.0120976,0.00694085,0.0063199
0.00743022,0.0115194,0.0197225,0.0402,0.0452333,0.02368,0.00771138,0.00786343,0.00956729,0.0116611,0.00803928,0.0091987
0.00732335,0.0153928,0.0222065,0.027419,0.0335541,0.0160247,0.0110805,0.0145924,0.0173354,0.0134039,0.00877316,0.0196686
0.0136966,0.0174904,0.019217,0.0184274,0.0277666,0.0231354,0.0150586,0.0142814,0.0176678,0.0145071,0.0118259,0.0108809
0.00835433,0.0110506,0.00888279,0.0228755,0.0354901,0.0255097,0.0188728,0.0190323,0.0144174,0.00849818,0.00560391,0.00985002
0.00484728,0.00647268,0.0121539,0.0307554,0.0394803,0.0147113,0.0075158,0.0111827,0.00742668,0.005709,0.0058586,0.00644133
0.00309561,0.0056152,0.0123923,0.0303831,0.0405301,0.0166924,0.00661915,0.0134585,0.0101601,0.00632998,0.00419309,0.00388602
0.00385579,0.00883602,0.0169771,0.0308455,0.0355909,0.01605,0.00658881,0.0123568,0.0126089,0.00601842,0.00273087,0.00653499
0.00660526,0.0112965,0.0181468,0.0199002,0.0230818,0.0104663,0.00754225,0.0148866,0.014255,0.00745516,0.00420927,0.00604472
0.00931604,0.0114432,0.0162164,0.0110478,0.0191661,0.0147804,0.0107466,0.0160806,0.0147613,0.0126649,0.0117397,0.00910751
0.0060848,0.00649947,0.0111702,0.0243549,0.0280588,0.0175008,0.0106576,0.0112247,0.00757628,0.0118598,0.00749822,0.00682077
0.0057135,0.00589074,0.0128652,0.0305555,0.0358319,0.0120903,0.00489573,0.0110053,0.00859957,0.0065467,0.00454602,0.00400083
0.0037805,0.00337738,0.0074643,0.0250968,0.0367096,0.0173984,0.00438748,0.00978734,0.00971796,0.00531175,0.00428106,0.00665988
0.00355513,0.00757042,0.0118933,0.0247555,0.034385,0.0168007,0.00585521,0.0138396,0.0100674,0.00793366,0.00380232,0.00545164
0.0192196,0.0263032,0.0292799,0.0382003,0.0383097,0.0264747,0.022363,0.020354,0.0212726,0.024367,0.0229672,0.0184692
0.0289526,0.0277361,0.0172985,0.0223177,0.0233477,0.0152798,0.0204007,0.0230466,0.0246153,0.0232301,0.0211712,0.0200976
0.0157635,0.0161606,0.0202153,0.026383,0.0209644,0.0179048,0.0119043,0.00917881,0.00732337,0.0089465,0.00765662,0.00692756
0.00834,0.00376443,0.00879222,0.0246792,0.0303853,0.0156081,0.00614083,0.0058734,0.00418601,0.00380777,0.00427467,0.0091084
0.00630639,0.00468604,0.00475167,0.024232,0.0368877,0.0168578,0.00181152,0.00625953,0.00500426,0.00354804,0.00543769,0.00868127
0.00440553,0.00623879,0.0118688,0.0221126,0.0262161,0.0149617,0.00764758,0.00560206,0.00405406,0.00324785,0.00340176,0.00705054
0.00753533,0.0120079,0.0198852,0.0183607,0.0212912,0.0118817,0.00863658,0.00827708,0.00815801,0.00717785,0.00815934,0.0142905
0.0107514,0.0133165,0.0180396,0.0151797,0.024137,0.021432,0.0132442,0.0148245,0.014054,0.0105696,0.0105684,0.0135958
0.00651281,0.00908283,0.00564507,0.0199113,0.0319504,0.0221254,0.014793,0.0127512,0.0100161,0.00630734,0.00809177,0.00565676
0.00322294,0.00443065,0.00984409,0.0265483,0.037282,0.0140467,0.0054956,0.0043785,0.00327057,0.00440969,0.00774863,0.0118067
0.00327021,0.00459423,0.00610059,0.0237741,0.0346523,0.0149659,0.00498197,0.00547591,0.00475141,0.00385176,0.00634321,0.0134702
0.00580882,0.00719203,0.0139345,0.0303775,0.0390121,0.01732,0.00417463,0.00475976,0.00190413,0.0031493,0.00593506,0.0116245
0.00999975,0.0159579,0.0227289,0.0235971,0.028834,0.0163258,0.00865297,0.0084546,0.00880852,0.004814,0.00573783,0.00870508
0.0122308,0.0159356,0.0183266,0.0166771,0.0235636,0.0165144,0.00928583,0.0131478,0.0172002,0.014623,0.0116167,0.0133343
0.00689359,0.011351,0.00821962,0.0210676,0.0343069,0.0224152,0.0132435,0.0141308,0.00706004,0.00601477,0.00647151,0.0107368
0.00468473,0.0090002,0.0164318,0.0311992,0.0407253,0.0168402,0.00528093,0.00622653,0.0041911,0.00373579,0.00335395,0.00705731
0.00421907,0.00598506,0.00727985,0.0280263,0.0416488,0.0188117,0.00345063,0.0075237,0.00771279,0.0039539,0.00393737,0.00526063
0.00454743,0.00608011,0.0112138,0.0289915,0.03902,0.0181501,0.00733776,0.0088541,0.00674966,0.00620943,0.00648649,0.00908864
0.0165783,0.0191358,0.0267556,0.0355449,0.0419017,0.0245032,0.0213629,0.0207712,0.0213684,0.0178016,0.0189464,0.0183368
0.0273989,0.0206384,0.0169188,0.0236667,0.0350916,0.0121142,0.0227503,0.0207098,0.0260941,0.0261091,0.0286055,0.0266572
0.0155652,0.0146765,0.0162933,0.0195851,0.0265336,0.0243909,0.0166548,0.0123826,0.0114422,0.00784014,0.00450677,0.00933176
0.0108025,0.00552127,0.0100314,0.0196658,0.0247077,0.0082368,0.00555996,0.00550283,0.00399605,0.0029206,0.00562041,0.0100648
0.00375904,0.00443031,0.00641893,0.0191937,0.0250548,0.0122638,0.00850139,0.00676994,0.00418487,0.00343811,0.00538429,0.00922984
0.0063452,0.00957152,0.0107498,0.0229322,0.0357566,0.0210342,0.00740888,0.0085684,0.00806692,0.0051626,0.00366948,0.00927984
0.0155574,0.0264511,0.0325536,0.0266115,0.0269754,0.0256276,0.0269764,0.0247386,0.0281359,0.0274426,0.0184134,0.0218176
0.0154631,0.0207029,0.0259924,0.0204331,0.026603,0.0191182,0.0105147,0.0172152,0.0199768,0.0194719,0.0189912,0.0195017
0.0138239,0.0147148,0.0122101,0.0273983,0.0321115,0.0149746,0.00637291,0.00959405,0.0111383,0.0100708,0.00572032,0.00522075
0.0123334,0.0115057,0.0131243,0.0258865,0.0379856,0.0211357,0.010641,0.00936211,0.0110115,0.00894452,0.0142025,0.0135018
0.00564585,0.00890712,0.0172641,0.0190472,0.0313615,0.0209712,0.0089863,0.00818084,0.00533113,0.0077951,0.00646111,0.0062972
0.00262415,0.00841501,0.0141558,0.0198367,0.0268605,0.0130662,0.00332901,0.00748638,0.00730209,0.00478836,0.00411025,0.00357445
0.0133235,0.0197121,0.0263831,0.0281332,0.0347337,0.026781,0.015005,0.0213041,0.0176621,0.0154251,0.0180312,0.0233397
0.0178952,0.0253852,0.0231128,0.0222697,0.0255765,0.0171416,0.0137932,0.0252556,0.0247646,0.0232603,0.022689,0.0192335
0.0097233,0.0129695,0.0146023,0.0194411,0.0185048,0.010864,0.0103694,0.0138341,0.00966928,0.00973402,0.00995866,0.00875051
0.00872476,0.00992299,0.010829,0.0147128,0.0178102,0.0102631,0.0084404,0.00671649,0.00342287,0.00596058,0.00607953,0.0068355
0.00560871,0.00579203,0.0121296,0.0195364,0.0196428,0.00936755,0.00326821,0.0042561,0.00562977,0.00387334,0.00352605,0.00758497
0.00505303,0.0086796,0.0175293,0.0220133,0.0201021,0.0121861,0.0060884,0.00838218,0.00765312,0.00705061,0.00935009,0.00869
0.00993714,0.0130048,0.018557,0.0140099,0.0141911,0.00998923,0.011366,0.0106003,0.0142304,0.016624,0.0133699,0.0151494
0.00805876,0.0105826,0.0168657,0.0204224,0.0202625,0.0192068,0.015395,0.014109,0.0166197,0.0137944,0.0138865,0.0132154
0.00509457,0.00211934,0.00986433,0.0197074,0.0280403,0.0217901,0.0132885,0.0118833,0.0110127,0.00926333,0.00733729,0.00666848
0.0137766,0.0155751,0.019244,0.0315478,0.0432253,0.0242395,0.0193218,0.0225832,0.0181377,0.013902,0.0151526,0.0140948
0.0186611,0.016263,0.0177985,0.0289726,0.0347343,0.0194545,0.0175647,0.0174034,0.0175018,0.0171119,0.0119397,0.0128013
0.0159982,0.00948534,0.0166672,0.0261484,0.0262339,0.0158399,0.0103295,0.0112296,0.0108693,0.00891303,0.00692809,0.0096769
0.0204944,0.0122525,0.0169388,0.0194113,0.0306948,0.0249365,0.0190216,0.0234331,0.0358292,0.0361142,0.0262472,0.0244168
0.00636774,0.00799762,0.00851515,0.0139695,0.0149327,0.0111688,0.00810609,0.0109901,0.0171224,0.017983,0.0142895,0.0105517
0.00425137,0.00555086,0.00993297,0.0221858,0.0253145,0.015235,0.00651944,0.0078916,0.00957039,0.0104343,0.00683735,0.00767624
0.00379182,0.00755294,0.0127705,0.0239211,0.0272689,0.0120198,0.00703578,0.0106775,0.00597378,0.00900768,0.00630422,0.00307355
0.00463423,0.00749562,0.00749442,0.0199924,0.0275478,0.0147502,0.00555683,0.0112258,0.0165788,0.0127037,0.00518468,0.00751915
0.00495292,0.00613815,0.0122478,0.0214961,0.0254208,0.0171149,0.00476548,0.0115047,0.0107527,0.00994509,0.00699614,0.00519746
0.0221308,0.0221518,0.0206066,0.0264338,0.0212333,0.0257373,0.0261869,0.0207358,0.020533,0.0249307,0.0287,0.0238055
0.020605,0.0192284,0.0152359,0.024656,0.0201176,0.0232139,0.015619,0.0214523,0.0271657,0.0330046,0.0288872,0.0259025
0.0137563,0.0129084,0.0148329,0.0269953,0.0342998,0.0197257,0.00931669,0.00852533,0.00964962,0.0112837,0.00814742,0.011733
0.00472617,0.00524683,0.00481072,0.020718,0.0307584,0.0115035,0.00489156,0.00551867,0.0048085,0.00667773,0.00526828,0.00615552
0.00384343,0.00452093,0.00614011,0.0202138,0.0290663,0.0152745,0.00608473,0.00477263,0.00328175,0.00412637,0.00556956,0.00740454
0.00620151,0.00849681,0.0129872,0.0206737,0.0252841,0.0149241,0.00520733,0.00447289,0.00506425,0.00530527,0.0052401,0.00501702
0.0126194,0.0165777,0.0184018,0.0128458,0.017698,0.0142667,0.00682979,0.00608341,0.00754485,0.0100372,0.0105752,0.0141094
0.0085605,0.0120542,0.0111207,0.0138712,0.0201108,0.0162071,0.0091744,0.0128244,0.0111646,0.0107953,0.011732,0.0111079
0.00754788,0.00874276,0.00808197,0.0190781,0.0296278,0.0196686,0.0126185,0.00936943,0.00620912,0.00523106,0.00719265,0.00892612
0.00363786,0.0038731,0.00828591,0.0230911,0.0327993,0.0131954,0.00375182,0.00544604,0.00350106,0.00627016,0.00559707,0.00877106
0.00270245,0.00273987,0.00537336,0.0236027,0.0334562,0.0150974,0.00639498,0.00477242,0.00465806,0.00233665,0.00490874,0.00947669
0.0052068,0.00564571,0.0147232,0.0290367,0.034261,0.0175228,0.00621016,0.00728263,0.00771057,0.009305,0.00508356,0.0112765
0.01442,0.0200501,0.030377,0.0237713,0.0378313,0.0277205,0.0170324,0.026192,0.0254936,0.0189563,0.0155005,0.0168089
0.0217434,0.0196267,0.0199909,0.0245624,0.0315117,0.0303062,0.0245279,0.0162991,0.0231469,0.0268696,0.022021,0.0210227
0.0144916,0.0139767,0.00971417,0.0204285,0.0377658,0.0217805,0.00857738,0.00494693,0.00637248,0.00615532,0.00664678,0.00952123
0.0159273,0.0198332,0.0186844,0.0279805,0.0401331,0.0257214,0.0210457,0.0161136,0.0115806,0.015022,0.0150282,0.0183003
0.0132293,0.0161478,0.0130109,0.0198188,0.0294618,0.0171306,0.0154972,0.0104946,0.00892847,0.00776401,0.0103666,0.0143401
0.0111326,0.00823145,0.0173194,0.0247046,0.0262936,0.0134826,0.0110903,0.00566271,0.00757607,0.00498298,0.0109537,0.0148224
0.0300712,0.0222309,0.0291185,0.035447,0.0278169,0.0265737,0.0326614,0.0345467,0.0372254,0.0192803,0.0279209,0.0290095
0.025665,0.0195814,0.0209251,0.0193223,0.0271445,0.0304056,0.0282881,0.0354528,0.0285037,0.0129723,0.0189737,0.0211456
0.0107416,0.0105886,0.0143465,0.0195053,0.0257867,0.029694,0.0233243,0.0158073,0.0127114,0.00882362,0.00808308,0.0107551
0.00617229,0.0082744,0.00689171,0.0176756,0.0249112,0.0147886,0.0114978,0.0108971,0.0117933,0.00812081,0.00750243,0.00372452
0.00674351,0.00708283,0.0119704,0.0257394,0.0239622,0.00657161,0.00898292,0.00938334,0.00980345,0.0126361,0.00947616,0.0105654
0.00588085,0.00404986,0.0141594,0.0268875,0.0294278,0.0179599,0.00971291,0.0063375,0.00817327,0.006453,0.00825937,0.0115654
0.0131246,0.0168288,0.0260336,0.024553,0.0294928,0.0132294,0.0173638,0.0187277,0.0141314,0.0114363,0.0121479,0.0104393
0.0186708,0.0260782,0.0236588,0.0189437,0.0210544,0.0195488,0.0177889,0.0149694,0.0136248,0.0157818,0.0146517,0.0140702
0.0132317,0.0121956,0.015033,0.0260944,0.0303266,0.0155182,0.00875524,0.00708935,0.00433418,0.00298117,0.00453229,0.00560655
0.0103581,0.0131655,0.0143391,0.0268283,0.029269,0.0197979,0.0142032,0.0143198,0.0117721,0.0105027,0.0119898,0.0103773
0.0165942,0.0164055,0.0156612,0.0218411,0.0229452,0.00875729,0.00921405,0.0121566,0.011105,0.0118107,0.0116881,0.0104715
0.016585,0.0163363,0.0144069,0.0187465,0.0248441,0.0204444,0.0112108,0.00947972,0.00995885,0.00859491,0.00741341,0.00813472
0.0260923,0.0366367,0.0361545,0.0336645,0.0435849,0.0367073,0.0411916,0.0361998,0.0352142,0.0356248,0.0356993,0.0301982
0.0127037,0.0179781,0.0189275,0.0295283,0.0386669,0.0276798,0.0272287,0.0235207,0.0260558,0.0212545,0.0183723,0.0194624
0.0166552,0.0142752,0.0175483,0.0422703,0.0574345,0.0317204,0.0145522,0.0100386,0.0131592,0.0105828,0.0155182,0.02324
0.00900062,0.00861981,0.0135547,0.0288813,0.0425349,0.0238388,0.0108826,0.00736155,0.00725406,0.00755049,0.00948464,0.0165415
0.0114141,0.0107914,0.0140731,0.0335301,0.0427761,0.0211036,0.00843487,0.00519598,0.00608515,0.00396634,0.0145138,0.0200874
0.0148466,0.0165822,0.0207459,0.0308642,0.0264877,0.0144425,0.0073873,0.00607052,0.00699033,0.00716614,0.0145762,0.0263471
0.0189514,0.022828,0.0251311,0.0303913,0.0245379,0.0153552,0.0105543,0.00899411,0.00537868,0.00681711,0.0130471,0.0226822
0.0097069,0.0177808,0.0156349,0.0294418,0.0350249,0.021571,0.015486,0.0101441,0.0058081,0.00650414,0.00898812,0.00870278
0.0114641,0.0124939,0.0193687,0.0353105,0.0461084,0.0203766,0.00984694,0.00709095,0.00492992,0.00656582,0.0135475,0.0197883
0.0245338,0.024386,0.0292899,0.0379782,0.0474182,0.040709,0.0311353,0.022872,0.0153567,0.0158726,0.0143783,0.0191122
0.0159612,0.0235092,0.0243765,0.0208775,0.023515,0.0221836,0.0213824,0.01753,0.0163731,0.0166885,0.0118557,0.0139686
0.0079137,0.015048,0.0210861,0.0098934,0.0120011,0.0157573,0.0155574,0.0130451,0.0113417,0.00715827,0.0094396,0.010634
0.0156994,0.0144265,0.0245862,0.0255308,0.0344479,0.0221377,0.0226176,0.0174392,0.021363,0.0254701,0.0206673,0.0290762
0.0131722,0.0236865,0.0265939,0.0201006,0.0265901,0.0218614,0.016356,0.0245686,0.0222101,0.023722,0.0249464,0.0160456
0.0110598,0.0143328,0.0242817,0.0221636,0.0178013,0.0107365,0.0133699,0.0128758,0.00929129,0.0078011,0.00797832,0.0159547
0.005141,0.0121927,0.0181658,0.0199818,0.0218902,0.0145078,0.0138113,0.010224,0.00658863,0.00552704,0.0100388,0.0106762
0.00761844,0.0143818,0.0192787,0.0246131,0.0305281,0.0188256,0.0188502,0.0178337,0.00850275,0.0063674,0.0112511,0.0140956
0.0117213,0.0133356,0.0201375,0.0276067,0.0232676,0.018235,0.0139089,0.0223398,0.0134348,0.0101234,0.0131168,0.00982748
0.019991,0.0278763,0.0250157,0.0339017,0.0297024,0.0227222,0.0322704,0.024476,0.0259201,0.0280977,0.0211395,0.0165392
0.0150596,0.0157814,0.0166451,0.0216823,0.0247814,0.0214626,0.0198367,0.0167657,0.0169089,0.0180133,0.0105819,0.0095478
0.013151,0.0164327,0.0137359,0.0217678,0.0275237,0.0139774,0.00999361,0.013887,0.0172649,0.0175556,0.00500431,0.00602949
0.0114163,0.0143478,0.00839366,0.0205936,0.0264295,0.0113147,0.00749696,0.00817068,0.0149782,0.0171832,0.0079791,0.00791811
0.0100765,0.0128735,0.0108492,0.023435,0.0310977,0.0147572,0.00836707,0.00608,0.0174055,0.0219237,0.00941327,0.00769282
0.00737706,0.009606,0.0123107,0.0177416,0.0277148,0.0114025,0.00414143,0.00602196,0.0161286,0.0217363,0.0083737,0.0058804
0.0117119,0.0157023,0.0192087,0.0288661,0.0384272,0.0178743,0.0120739,0.0126521,0.0135881,0.015476,0.0118996,0.00726984
0.00622373,0.0100111,0.00991639,0.0200108,0.0343336,0.0151,0.0104038,0.010563,0.0116909,0.0125453,0.00624091,0.00554744
0.00973695,0.00711299,0.00955628,0.0264755,0.031684,0.00889386,0.00818342,0.00895794,0.01091,0.0164617,0.00769829,0.00704309
0.0112514,0.0188999,0.0172357,0.0230592,0.0264139,0.0249243,0.0179979,0.0159902,0.0168383,0.0167367,0.0166923,0.0138635
0.0151125,0.0145239,0.0134177,0.0170364,0.018809,0.0234513,0.0154586,0.0141976,0.0127218,0.0172081,0.0273089,0.0209381
0.00939908,0.0146235,0.015508,0.0127723,0.0264854,0.0334015,0.0172907,0.012877,0.011871,0.0196468,0.0255693,0.0116893
0.0228406,0.0275818,0.0342004,0.0313444,0.0367473,0.0419102,0.0389861,0.0354032,0.0325186,0.0424202,0.0470741,0.0291167
0.0111866,0.0176157,0.0197641,0.0175292,0.0307908,0.0304692,0.0181762,0.019983,0.0185259,0.0220614,0.0276783,0.0133022
0.0143809,0.0162056,0.0155991,0.0176317,0.0220055,0.0278164,0.0137771,0.00867465,0.00899852,0.0132571,0.0172744,0.0102278
0.0147567,0.0161583,0.0120146,0.00966454,0.0204876,0.0262605,0.0134801,0.00770467,0.0081197,0.0123069,0.0174424,0.01074
0.00569536,0.0085287,0.0137258,0.0107348,0.0156784,0.020894,0.0104376,0.0088331,0.00850475,0.0175671,0.0201922,0.00715813
0.0166882,0.017627,0.0171752,0.0150321,0.0118866,0.0156411,0.0114414,0.0054726,0.0089319,0.0124738,0.0173907,0.0175652
0.0354289,0.0357093,0.0367032,0.0237693,0.0230609,0.0241906,0.0267852,0.0286994,0.0401889,0.0330131,0.031294,0.0506365
0.0208931,0.0220232,0.0235492,0.0262213,0.0222929,0.0223064,0.0339311,0.0253946,0.0175428,0.0195695,0.0272038,0.0245828
0.0126886,0.011957,0.0125792,0.0187605,0.013077,0.00891814,0.0117749,0.00813784,0.00765357,0.010687,0.0223752,0.0250751
0.0123597,0.0147045,0.013379,0.0146526,0.0249508,0.0216794,0.0171119,0.018579,0.0168562,0.0188074,0.0235329,0.0226167
0.0168347,0.0109172,0.0126534,0.012774,0.0120833,0.0104906,0.00925719,0.0100504,0.00933586,0.00841148,0.0150699,0.0223031
0.0106137,0.0126381,0.0126783,0.0140229,0.0112388,0.0126377,0.011736,0.00765961,0.0069038,0.011199,0.025122,0.0240611
0.0163569,0.0152101,0.0210379,0.0215115,0.0126621,0.0139487,0.0119971,0.0110888,0.0159171,0.017915,0.0205141,0.0207485
0.0148994,0.01638,0.0213852,0.00964325,0.00424651,0.00790629,0.00902943,0.00718571,0.00943797,0.0145746,0.00906276,0.0105084
0.00867841,0.0176442,0.0200716,0.00606385,0.0056418,0.00889748,0.010815,0.00966161,0.00868589,0.0127302,0.0088282,0.00740816
0.0115301,0.0244831,0.0294623,0.0132488,0.0104195,0.00485857,0.00761728,0.00836549,0.00683737,0.0143023,0.0107006,0.00977976
0.0216759,0.0276635,0.0312119,0.016551,0.0128806,0.0127737,0.011413,0.011325,0.0183403,0.0207204,0.0104392,0.0105705
0.0170787,0.0198439,0.0259579,0.0143586,0.00847548,0.0149334,0.0160085,0.0111791,0.0112641,0.0154268,0.0108668,0.0120913
0.0412719,0.0361761,0.0356027,0.0293871,0.0253858,0.0320865,0.0446567,0.0585119,0.0477253,0.0343356,0.032193,0.0368601
0.0153862,0.0195779,0.0213098,0.0328344,0.0337119,0.0289802,0.0256049,0.0258674,0.0190955,0.0110992,0.015804,0.0153755
0.017075,0.0193119,0.0160585,0.0212115,0.0227221,0.0139992,0.0102434,0.0123431,0.0172625,0.0135862,0.00819103,0.0115565
0.0147112,0.0161537,0.00667599,0.0157571,0.0226832,0.0111374,0.00844147,0.0140056,0.014977,0.0195298,0.0105015,0.00748091
0.0143367,0.0139263,0.00666193,0.0136034,0.0174939,0.00791306,0.00714822,0.00886552,0.0168651,0.0219018,0.0106127,0.00670645
0.0124808,0.0114301,0.00660856,0.011347,0.0168962,0.00755322,0.00643897,0.00725346,0.0148949,0.0200867,0.0124374,0.009006
0.0139545,0.0193533,0.0119339,0.0146657,0.0176785,0.00633719,0.00571921,0.00631508,0.0131921,0.0181357,0.0114525,0.0101124
0.0135929,0.0154172,0.00378633,0.0150303,0.0203043,0.00816486,0.0059426,0.00756672,0.0106357,0.0160328,0.00842063,0.0073611
0.0148435,0.0182993,0.0102786,0.0172857,0.0242214,0.0116278,0.00681116,0.00647162,0.0136383,0.0160677,0.0071116,0.00438025
0.0309399,0.0375478,0.0328245,0.0168637,0.0219538,0.0212259,0.0213247,0.0240457,0.0244808,0.0250157,0.0250679,0.0147601
0.0199757,0.0203892,0.02082,0.0137456,0.0109456,0.0192983,0.0156388,0.0159846,0.0145719,0.0125949,0.0266012,0.0205565
0.0120774,0.0150778,0.0140435,0.0102212,0.0160898,0.0229582,0.0116241,0.0100676,0.012513,0.0193719,0.0202352,0.00792986
0.0304638,0.0292271,0.0180987,0.0200227,0.0203011,0.025505,0.029319,0.0433454,0.0392576,0.0346852,0.0303169,0.0267921
0.00784896,0.0130492,0.0161688,0.0187135,0.0221146,0.0209959,0.0154178,0.0197737,0.0161078,0.0193466,0.0245838,0.0143527
0.00593345,0.00881851,0.0102845,0.00695308,0.0151686,0.0186584,0.0107101,0.00976935,0.0152377,0.0205942,0.0171529,0.00719516
0.00617439,0.00837827,0.00798747,0.00383912,0.0116972,0.0143562,0.00771907,0.0102962,0.00836852,0.0147249,0.0181782,0.0113825
0.00766691,0.004389,0.00350068,0.0037091,0.0125454,0.0159553,0.00955015,0.00943805,0.0122235,0.0154264,0.0139654,0.0079022
0.0123904,0.00907114,0.00894905,0.0102075,0.0105529,0.0125756,0.0145024,0.0129976,0.0140395,0.0160564,0.0177066,0.0133895
0.0328899,0.0345957,0.0273855,0.0234829,0.0258892,0.02288,0.0229839,0.0264071,0.019439,0.0218877,0.0234484,0.0293391
0.0130785,0.0144092,0.0129237,0.0161402,0.0153796,0.0146002,0.0212142,0.0179683,0.0164949,0.0175153,0.023816,0.0228785
0.0103866,0.0098848,0.00839907,0.00817437,0.00567251,0.0138184,0.0147954,0.00772251,0.0062832,0.00614943,0.0168303,0.0170915
0.0125874,0.011077,0.00796443,0.00654062,0.00689718,0.0115171,0.0138037,0.00621501,0.00620213,0.00604272,0.0189028,0.0217513
0.0077984,0.00629482,0.00625404,0.00953596,0.00623262,0.0127356,0.0190042,0.0113021,0.00934414,0.00737537,0.0152186,0.0187467
0.0101563,0.00694703,0.00811184,0.00896149,0.00731238,0.0121791,0.014955,0.00982037,0.00932028,0.00933651,0.0187036,0.0210758
0.0141885,0.0166435,0.0187674,0.0180886,0.014202,0.0162937,0.0177872,0.0116557,0.0148165,0.0137538,0.0210568,0.022771
0.0132381,0.0110057,0.00739173,0.00638785,0.00501194,0.0129759,0.0163865,0.00843329,0.00694316,0.0081896,0.0165805,0.0202803
0.0103224,0.0064156,0.00916495,0.0100863,0.00700155,0.0121136,0.0131959,0.00783151,0.00671284,0.00979261,0.0171575,0.0158155
0.024015,0.0203557,0.0171185,0.0198394,0.022212,0.0195387,0.0155086,0.01493,0.0130759,0.0167355,0.0268929,0.0208235
0.018713,0.0202254,0.0255199,0.0127764,0.00761404,0.0105529,0.0134279,0.0107419,0.012133,0.0168075,0.0141123,0.0163736
0.0118721,0.0215158,0.0276189,0.0136459,0.0115648,0.0120161,0.0113609,0.00672173,0.0126386,0.0165492,0.0105894,0.0108935
0.0291134,0.0318354,0.0393362,0.0275646,0.0361835,0.034913,0.0316845,0.0306443,0.0350946,0.0354403,0.0304999,0.0233568
0.0182715,0.0220321,0.0242074,0.0167557,0.0232645,0.0200701,0.0194165,0.0189055,0.0233346,0.0236997,0.0162066,0.0125993
0.022189,0.0237222,0.0159229,0.0145611,0.0131741,0.00922585,0.0073422,0.00912956,0.00796011,0.0105595,0.00788263,0.0107053
0.0138425,0.0217591,0.0200251,0.0089327,0.00792757,0.00523845,0.00811558,0.00613327,0.0103392,0.0108553,0.00716279,0.0084076
0.0106249,0.0182614,0.0211632,0.00905976,0.00776162,0.00505563,0.00654952,0.00643064,0.00846928,0.0114284,0.00931257,0.00581949
0.0338653,0.0264404,0.0160392,0.014952,0.0135466,0.00907827,0.0162648,0.021532,0.0165311,0.0160349,0.0229325,0.0283548
0.0347952,0.042721,0.037255,0.0246891,0.0321903,0.0254363,0.0247504,0.0339275,0.0344651,0.0401369,0.0196983,0.0341759
0.0178487,0.017171,0.0227261,0.0306106,0.0280797,0.0200306,0.00967218,0.0233038,0.0256535,0.0199659,0.0176642,0.0265349
0.0111682,0.010187,0.0068898,0.0162801,0.0227159,0.0069204,0.00847662,0.013932,0.0171888,0.0104761,0.0134178,0.0128975
0.00810475,0.00686298,0.0114421,0.0219125,0.0218089,0.00732797,0.00908244,0.0134667,0.0144872,0.00608349,0.0157331,0.0210812
0.00763377,0.00568191,0.00905131,0.0226437,0.0273615,0.0122484,0.00875652,0.0116919,0.0135741,0.0056466,0.0142828,0.0177469
0.00738522,0.0126356,0.0168077,0.0270506,0.0259477,0.01178,0.00769118,0.00709386,0.0128893,0.00916962,0.0136495,0.015041
0.015579,0.0167108,0.0156899,0.013843,0.0146384,0.00667341,0.00813169,0.00835299,0.00820695,0.00729529,0.00923415,0.0146066
0.00702455,0.00845814,0.00652395,0.00373268,0.00574992,0.00386641,0.00342993,0.00371675,0.00318911,0.00460544,0.00515451,0.00393679
0.00271044,0.00225839,0.00384749,0.003703,0.00282632,0.00276018,0.0030361,0.00356656,0.00248774,0.00318333,0.00345455,0.00432729
0.00295049,0.00299417,0.00395224,0.00344025,0.00506053,0.00345412,0.00331021,0.00378673,0.00331337,0.00529127,0.00515742,0.0044864
0.00916955,0.00802789,0.00524694,0.00634074,0.00685427,0.00845319,0.00916891,0.0062651,0.00761776,0.00677592,0.0039308,0.00509291
0.00639763,0.0040678,0.00350149,0.0060519,0.0060323,0.00855677,0.00759067,0.00496951,0.00649458,0.00643645,0.00588166,0.00382699
0.0300088,0.021167,0.0307476,0.0359511,0.036885,0.0421309,0.0395351,0.0349306,0.0342363,0.0369368,0.0287213,0.030107
0.0249028,0.0179693,0.0200843,0.0138335,0.0304382,0.0293884,0.0280778,0.0274358,0.0243675,0.0204272,0.0209189,0.0214775
0.0203269,0.0124877,0.0120329,0.0166195,0.0298077,0.0205158,0.00889651,0.0165056,0.0207051,0.0168806,0.0253287,0.0302754
0.0147341,0.00652203,0.0081309,0.0196826,0.021621,0.0084007,0.0126027,0.0110995,0.0222784,0.00985293,0.0142943,0.019203
0.0139196,0.00672214,0.00874099,0.016395,0.0217102,0.0103162,0.00954613,0.0103836,0.0205133,0.0116806,0.01943,0.0254238
0.0102367,0.00521647,0.00594951,0.0242537,0.0364061,0.0158307,0.0115883,0.0151391,0.0150529,0.0102475,0.0163923,0.0261073
0.0117278,0.0128939,0.0160295,0.0300013,0.0285058,0.00889947,0.00966997,0.0160835,0.0210898,0.0103159,0.0150164,0.0186029
0.012928,0.00917574,0.00962436,0.0293318,0.0316215,0.0105557,0.00671208,0.0130837,0.0160798,0.00739307,0.0146397,0.0254843
0.0130508,0.00677709,0.00705019,0.0235739,0.0273948,0.0135503,0.0123866,0.00862753,0.0165827,0.0148695,0.0182627,0.0200749
0.0148794,0.012491,0.0190211,0.0268579,0.0279204,0.0239835,0.022707,0.033649,0.0275997,0.0218865,0.0170671,0.0180399
0.0142723,0.0160105,0.0170381,0.0185691,0.0227581,0.0254146,0.0285468,0.0386986,0.0203393,0.00892264,0.00805194,0.0104062
0.00781773,0.0101724,0.0069625,0.00853869,0.0109425,0.0114724,0.0204361,0.0341415,0.0136267,0.00763119,0.0139768,0.0163528
0.0240834,0.0247085,0.0154588,0.0166793,0.0226117,0.0169842,0.0366763,0.047885,0.036163,0.0303633,0.0280835,0.0231466
0.00743607,0.00858782,0.00851887,0.0140454,0.0133025,0.0078914,0.0261893,0.028408,0.0260346,0.0178873,0.0118953,0.0165747
0.00475715,0.0051962,0.00433105,0.00620634,0.00730189,0.00460324,0.0214761,0.0368046,0.0164942,0.00749747,0.00681754,0.0061536
0.0037564,0.00551445,0.00733458,0.00496907,0.00497098,0.0057395,0.0204084,0.0312422,0.0126822,0.00415016,0.00858432,0.00902631
0.00309884,0.00409242,0.00656049,0.00412026,0.00457773,0.00384285,0.0246191,0.0356187,0.013148,0.0106322,0.00712431,0.00344007
0.00717409,0.0103363,0.00955416,0.00753641,0.00991743,0.0182378,0.0323635,0.0255784,0.0156336,0.0106816,0.00884228,0.00684014
0.0265987,0.0309673,0.0378677,0.0303859,0.0229952,0.0243236,0.032253,0.0319797,0.0247039,0.029761,0.0348089,0.0301851
0.0133878,0.0156828,0.0154918,0.016723,0.0184712,0.0135147,0.0137637,0.0172802,0.0360001,0.0469234,0.0237963,0.012399
0.00598527,0.00832106,0.0113135,0.0151655,0.0167719,0.0111818,0.00851646,0.006155,0.0167335,0.0323596,0.0157958,0.00372574
0.00516206,0.00509258,0.00236322,0.0113883,0.0195524,0.0102829,0.0119602,0.0136941,0.019094,0.0279894,0.0141177,0.0109303
0.005342,0.00494926,0.00384234,0.00825817,0.0113939,0.00515147,0.00878009,0.00951092,0.0207842,0.0274355,0.0137428,0.00603808
0.00293313,0.0068054,0.00453619,0.00967178,0.015734,0.0102585,0.0116344,0.00989344,0.0157577,0.0274177,0.0118595,0.00479616
0.012336,0.014261,0.014418,0.0187515,0.0231984,0.0147911,0.00808089,0.00939177,0.0135241,0.0218029,0.0172711,0.0129092
0.00634852,0.00790993,0.00550624,0.01075,0.0210772,0.0125469,0.00838126,0.00787303,0.0148154,0.0220787,0.00717994,0.00437205
0.00726155,0.00707733,0.00642132,0.0105972,0.0156906,0.00714771,0.00651241,0.0101798,0.0202648,0.0266748,0.0108326,0.00660841
0.0178741,0.0186934,0.016837,0.0146407,0.013831,0.0162503,0.014599,0.0152414,0.0253878,0.0235453,0.0237863,0.0212917
0.0203987,0.0173674,0.0165729,0.0146731,0.0135713,0.0163006,0.0140776,0.021452,0.0273861,0.0263361,0.0335567,0.0305661
0.00793904,0.0117843,0.00969403,0.00991177,0.0109781,0.0171453,0.0135784,0.00990686,0.0153803,0.0382318,0.0489735,0.0177013
0.0191544,0.0214394,0.0239252,0.0203332,0.0180882,0.0202771,0.0209741,0.0256453,0.0211823,0.0405978,0.0492643,0.0259733
0.0113159,0.014146,0.0140934,0.0153888,0.0175301,0.0213523,0.0152401,0.0157133,0.0112461,0.02679,0.0410778,0.0177081
0.00800918,0.00770659,0.00944443,0.00981906,0.0118011,0.0155289,0.0110372,0.00575053,0.00675642,0.0275466,0.0397429,0.015583
0.00745022,0.00397586,0.0061508,0.0061889,0.00836175,0.0126647,0.00686578,0.00680889,0.00823775,0.0220312,0.0306257,0.0102065
0.0069238,0.0037539,0.00538995,0.00431902,0.00914235,0.00913049,0.00599486,0.00804196,0.0111295,0.0265775,0.034801,0.0139457
0.0207068,0.0116265,0.00870943,0.0118897,0.0144083,0.0164625,0.0148262,0.0118176,0.00946835,0.00946502,0.0247634,0.0249445
0.0250464,0.0223001,0.0227095,0.0238034,0.0246271,0.0205186,0.0222121,0.0211564,0.0283041,0.0290272,0.04431,0.0457219
0.0146374,0.00821994,0.0115513,0.0108749,0.0146491,0.0126869,0.00709052,0.0111954,0.0139304,0.0134802,0.0236051,0.0338966
0.013782,0.00596182,0.00602845,0.00562353,0.00590411,0.00986275,0.0111698,0.00815042,0.00999092,0.00979911,0.030438,0.0417819
0.0220976,0.0139002,0.0145796,0.0160626,0.0191326,0.0190693,0.0236934,0.0199943,0.0176475,0.0212822,0.0371876,0.0471571
0.0209979,0.00785836,0.00853996,0.00924678,0.00889678,0.0112949,0.0163407,0.0138932,0.0116006,0.00824826,0.01812,0.0366844
0.0151395,0.00906528,0.0106255,0.00936497,0.00474345,0.00421316,0.00656718,0.00817044,0.00952265,0.00888473,0.0215993,0.0234547
0.0119922,0.0114083,0.0135634,0.0107184,0.00930304,0.0065382,0.00534189,0.00738849,0.00881825,0.0126674,0.0199521,0.0124597
0.0137446,0.0142731,0.0153744,0.00841081,0.00493711,0.00590314,0.00616049,0.00513237,0.00998423,0.0132522,0.00826637,0.0102236
0.00951867,0.0124068,0.0195624,0.0108224,0.00515463,0.00539849,0.0055533,0.00482984,0.0137562,0.0233665,0.0150325,0.0128771
0.00952672,0.0144432,0.0171335,0.00853931,0.00965538,0.00944871,0.0122198,0.00984536,0.0122131,0.0189916,0.0136872,0.00974213
0.00729479,0.00521154,0.0122605,0.00590958,0.00779658,0.00685667,0.0112697,0.0121505,0.0161879,0.0289723,0.0126917,0.00647304
0.00679411,0.0126831,0.0123324,0.011514,0.0105706,0.0112817,0.0119744,0.0132727,0.0173132,0.0152079,0.0117042,0.00865391
0.0233609,0.0210407,0.0274368,0.0257969,0.0297859,0.0276538,0.0376121,0.0358662,0.0312895,0.0427234,0.0324357,0.020488
0.01365,0.0218824,0.0248839,0.0319546,0.0353188,0.0310743,0.0229941,0.01591,0.00992717,0.0317855,0.0244509,0.0143003
0.0127062,0.011049,0.0100807,0.0114267,0.0127336,0.0128516,0.0128199,0.011181,0.0191124,0.0263585,0.0154347,0.0106739
0.00847953,0.00523817,0.00304047,0.00507261,0.0102314,0.00749922,0.00939279,0.0141771,0.0212681,0.0261434,0.0115992,0.00499438
0.00814986,0.00907962,0.00624887,0.00932433,0.019627,0.0105869,0.00833645,0.0118028,0.0203185,0.0267962,0.0102237,0.00636888
0.00824074,0.0110348,0.0100339,0.00863808,0.0221627,0.0109275,0.00889235,0.0129033,0.0178613,0.0259162,0.0106991,0.00629973
0.0128141,0.0147432,0.0174279,0.020416,0.0166274,0.010843,0.0137093,0.0207722,0.0226213,0.0214646,0.00758091,0.0101539
0.00478164,0.00437951,0.00468145,0.0138619,0.0222366,0.0117114,0.00712377,0.00834551,0.0136406,0.0199766,0.00863652,0.00409436
0.00791937,0.0110323,0.0055803,0.00952924,0.0155034,0.00758406,0.00537469,0.00606652,0.0170249,0.0289235,0.0144152,0.011774
0.0229717,0.0161025,0.0191679,0.0173789,0.0241328,0.0238477,0.0224408,0.0343548,0.0341797,0.0429735,0.0408908,0.0310173
0.0162698,0.0109564,0.00944825,0.0149853,0.0164221,0.0225156,0.0190245,0.0154109,0.017911,0.0224051,0.0421158,0.026897
0.0090012,0.00911967,0.00880091,0.0053436,0.0118288,0.0206339,0.0104463,0.00416741,0.00438102,0.0207463,0.0364984,0.0187821
0.0188072,0.0174828,0.0152775,0.00899844,0.0127286,0.0194376,0.0110219,0.0122471,0.0108089,0.0330834,0.0509311,0.033587
0.00639291,0.00659102,0.0114182,0.0102934,0.00865989,0.0105273,0.00844748,0.0159032,0.0155231,0.0259379,0.0343051,0.0141455
0.00479899,0.00419794,0.00427151,0.00548824,0.00608334,0.0147968,0.0112107,0.00847236,0.0105341,0.0176412,0.0244261,0.0100295
0.00304258,0.00285616,0.00341394,0.00491503,0.00723747,0.00900809,0.00678966,0.00620092,0.00754299,0.0176554,0.0266838,0.0117073
0.00452811,0.0052438,0.00599815,0.00841407,0.00920775,0.00893083,0.00401265,0.00362265,0.00543592,0.0177603,0.0259819,0.0118791
0.0191016,0.0141415,0.0111197,0.0095479,0.0147066,0.0088388,0.00868103,0.0114342,0.010982,0.0186164,0.0305181,0.0304119
0.0286955,0.0369956,0.032422,0.0243347,0.0254347,0.0249616,0.0210328,0.0265356,0.0282303,0.0205569,0.0261322,0.0298036
0.0181604,0.0138559,0.0130461,0.0130395,0.012665,0.0133745,0.0185853,0.0115794,0.0101898,0.0133111,0.026355,0.0345914
0.0170487,0.00611458,0.00754828,0.00952302,0.00724063,0.00724846,0.0121569,0.00842829,0.0037144,0.00974946,0.0288829,0.0359909
0.0147613,0.00373729,0.00360618,0.00511394,0.0101898,0.0102895,0.0129652,0.0104926,0.00708323,0.00819088,0.0245118,0.0378882
0.0107577,0.0043463,0.00156083,0.00392958,0.00732907,0.00954577,0.0113964,0.00897938,0.0087177,0.00835283,0.0218899,0.0320867
0.0172575,0.00544188,0.00486438,0.00650953,0.00650957,0.00720374,0.00966376,0.00670298,0.00610778,0.00716039,0.021892,0.0388875
0.0182609,0.0102358,0.0117213,0.0107926,0.011098,0.00785923,0.0100812,0.00769391,0.00791034,0.00966001,0.0225219,0.0393799
0.0165442,0.00383368,0.00404825,0.00529341,0.00421359,0.00476751,0.0117325,0.00604785,0.00425812,0.00495415,0.0211017,0.037879
0.0138685,0.00401484,0.00637879,0.00809421,0.00509226,0.00709597,0.0136267,0.0085829,0.00637707,0.0080728,0.0225456,0.031737
0.0161903,0.0141027,0.0143895,0.00833153,0.0106666,0.00926694,0.00703504,0.00467363,0.0123167,0.0177668,0.0195544,0.0188901
0.0126047,0.0175332,0.023478,0.0125084,0.00707829,0.00589338,0.00891929,0.0126445,0.0126733,0.0212364,0.0167337,0.0155399
0.0151223,0.0219004,0.0363318,0.0156468,0.0114396,0.00735151,0.0142111,0.013791,0.0170272,0.0255073,0.0116089,0.0138093
0.0198062,0.0288738,0.0423211,0.0225794,0.0213528,0.0279164,0.0305256,0.0299142,0.0349768,0.0378011,0.0210729,0.0161074
0.0206325,0.0240885,0.0416796,0.028499,0.0206488,0.0234048,0.0233156,0.0155966,0.0184109,0.0302009,0.014648,0.00997742
0.0145573,0.0189052,0.0263267,0.0136226,0.0120862,0.0109998,0.0101551,0.00693666,0.0142128,0.0248329,0.0147039,0.010235
0.020213,0.0293933,0.0362205,0.0232602,0.0195382,0.016083,0.0205345,0.0148878,0.02546,0.0379991,0.0244627,0.0171726
0.0143613,0.0224206,0.0273792,0.0173213,0.0133689,0.0103907,0.010744,0.0101326,0.0153987,0.0224282,0.0186567,0.0114531
0.0205705,0.0130197,0.0175385,0.0171869,0.0109826,0.0109702,0.00847163,0.0124235,0.014499,0.0171109,0.0188793,0.0190604
0.013483,0.0168921,0.0142071,0.0100628,0.0205186,0.0183219,0.0108461,0.0124224,0.0175209,0.0126771,0.0167266,0.0224926
0.00709257,0.00558886,0.00644649,0.0111747,0.0209906,0.0113364,0.00927946,0.0106731,0.0125773,0.00524113,0.0184073,0.0254135
0.00841158,0.00461326,0.00811559,0.0171703,0.0205968,0.00953205,0.00512375,0.00546043,0.00591189,0.00328355,0.0073919,0.0121117
0.00938696,0.00449871,0.00438551,0.0116318,0.0196931,0.00651808,0.006333,0.00407112,0.00807531,0.00917337,0.0107091,0.0155061
0.00950729,0.00325882,0.00712729,0.0144405,0.0270273,0.0179514,0.0122245,0.0073274,0.00917442,0.00586177,0.00954746,0.0198134
0.0102156,0.0113384,0.0159115,0.0260364,0.0267946,0.0171745,0.0103976,0.00813809,0.00992343,0.00941934,0.00961842,0.0171747
0.0260948,0.0289374,0.0293861,0.0285824,0.0272234,0.0196208,0.0230997,0.0198141,0.023708,0.0215603,0.0193653,0.0249822
0.015291,0.0160721,0.0154545,0.0173264,0.0166116,0.0138008,0.0133772,0.0104032,0.00962156,0.0120602,0.00784692,0.0106531
0.0107021,0.0108536,0.00894689,0.00590809,0.00304731,0.0069888,0.008004,0.00474323,0.00570071,0.0090599,0.0120673,0.0122764
0.00531636,0.00504569,0.00471241,0.00768552,0.0125821,0.00907041,0.00723237,0.00785981,0.00949274,0.014129,0.0162627,0.00961022
0.00698912,0.00684948,0.00790228,0.00793666,0.0080647,0.0103551,0.00721703,0.00634454,0.0102362,0.0121067,0.0103505,0.00627549
0.0104634,0.0111694,0.0143094,0.0136082,0.0149626,0.017995,0.0173879,0.0127902,0.0183728,0.0208887,0.012611,0.0118235
0.0204613,0.0209698,0.0270286,0.0391674,0.0307887,0.0396703,0.0427348,0.0386849,0.0379162,0.0385331,0.0308274,0.0274705
0.0116415,0.00984618,0.0175346,0.042482,0.0470167,0.0159134,0.016677,0.0204807,0.0204581,0.0171112,0.0148337,0.0153747
0.00811865,0.0065841,0.0156304,0.0412845,0.0437455,0.0169198,0.00567447,0.00908744,0.0125455,0.0100069,0.00571681,0.00774069
0.00675232,0.00533984,0.0136517,0.0308528,0.033538,0.00988419,0.0064177,0.00627477,0.0057586,0.00605603,0.00617598,0.00778279
0.00687743,0.00589754,0.00557243,0.0286641,0.0358359,0.0158702,0.00408493,0.00618726,0.00537569,0.00425265,0.00635962,0.00887807
0.00831592,0.0107547,0.0148949,0.0195337,0.0244387,0.0145462,0.00893525,0.00962977,0.00623759,0.00574636,0.00528457,0.0103112
0.014781,0.0144549,0.0141251,0.0170019,0.0357243,0.0206722,0.0136853,0.0114706,0.00978396,0.01301,0.00859074,0.014882
0.00976784,0.00496477,0.00780737,0.0313477,0.0457067,0.0250147,0.0121469,0.0108524,0.0112699,0.00854144,0.0129698,0.0189059
0.0110458,0.00413044,0.010007,0.0356343,0.0493129,0.0164743,0.00926528,0.0102701,0.00911288,0.00627703,0.0113552,0.0172852
0.0174844,0.0155738,0.0140328,0.0325555,0.045417,0.0253709,0.0162832,0.0120499,0.0140173,0.0140387,0.013726,0.0147469
0.0128131,0.0118691,0.00955873,0.0270288,0.0378898,0.0234064,0.00892598,0.0127326,0.013075,0.00788204,0.00679435,0.00795032
0.0127863,0.0157548,0.0189848,0.019133,0.0261084,0.0158324,0.00743829,0.015905,0.0109929,0.00723295,0.00760907,0.0101739
0.0163735,0.0215117,0.03431,0.0287004,0.025154,0.0217926,0.0197995,0.023922,0.0275477,0.0277715,0.0263405,0.0248257
0.0107761,0.00958268,0.020035,0.0400828,0.0394133,0.0286111,0.0178584,0.0156185,0.0206122,0.0173808,0.0223521,0.0231868
0.0103978,0.00752071,0.00915819,0.0348977,0.0461814,0.0182038,0.00331974,0.00896831,0.00730689,0.00699976,0.0122352,0.0177155
0.00670865,0.00841295,0.0131972,0.0279963,0.0369754,0.0205485,0.00774747,0.00696653,0.00979366,0.00747494,0.00722191,0.00793025
0.00584162,0.00864692,0.00618454,0.0230249,0.0340476,0.01404,0.00665449,0.00860536,0.00813499,0.00865736,0.0101578,0.00729216
0.00862938,0.0122017,0.016974,0.0213487,0.0266925,0.0192689,0.0104025,0.00919892,0.00776445,0.00929406,0.00549166,0.00619776
0.0201539,0.0239675,0.0258111,0.0257066,0.0206588,0.0190629,0.0178143,0.0223021,0.0239725,0.0159512,0.0163814,0.0157568
0.0137219,0.0164146,0.0190332,0.028816,0.0316381,0.0212714,0.0163432,0.0180293,0.0178881,0.00925514,0.0116974,0.0191386
0.00987472,0.00806934,0.0154591,0.0401048,0.0502373,0.0248871,0.0060861,0.00949289,0.00840588,0.00529117,0.0106027,0.0174019
0.0059099,0.00898726,0.0135241,0.0313561,0.0364384,0.0163432,0.00825749,0.00677052,0.00823569,0.00524599,0.00711823,0.0114999
0.007964,0.00693209,0.0107054,0.0315539,0.0384742,0.0179421,0.00848778,0.00345943,0.00589502,0.00627662,0.00750906,0.00908897
0.0128763,0.0123841,0.011201,0.0247187,0.0307913,0.0172262,0.0135704,0.00783791,0.0080674,0.00611213,0.00778703,0.0121179
0.0149369,0.0187199,0.0125703,0.0215353,0.0309859,0.0240984,0.0328034,0.0258563,0.0183279,0.0158304,0.0166924,0.0183308
0.0120536,0.01159,0.0113566,0.0232814,0.0386586,0.0257161,0.0174354,0.0153067,0.0096404,0.00639651,0.00842303,0.0137366
0.00996327,0.00664721,0.00578886,0.0224032,0.0424989,0.0187332,0.00594249,0.00874209,0.00930385,0.00419523,0.00900205,0.0165965
0.00495722,0.00554957,0.00861694,0.019809,0.0349589,0.0176802,0.00552035,0.005782,0.00548614,0.00335203,0.00785014,0.013948
0.00435144,0.00697445,0.0122326,0.0259008,0.0382195,0.0191858,0.00481497,0.0049964,0.00374116,0.00460576,0.00555918,0.0101414
0.00831185,0.0135796,0.0223523,0.0310974,0.0321704,0.0271042,0.0116333,0.00824948,0.00781777,0.00729828,0.00688662,0.011897
0.0113342,0.0194805,0.0305877,0.0310976,0.0292191,0.032184,0.0278942,0.024301,0.0176153,0.0170177,0.0173318,0.0170826
0.00786417,0.0071725,0.0126589,0.0359166,0.0457872,0.0190402,0.0101465,0.0134788,0.0140169,0.00979751,0.0124587,0.0148196
0.00518057,0.00562768,0.0102075,0.0331434,0.0464047,0.0202082,0.00467024,0.00817531,0.0102004,0.00574091,0.00588471,0.011898
0.00968739,0.00635356,0.0101128,0.0287558,0.050275,0.0316298,0.00915166,0.0081138,0.00932613,0.004809,0.00770623,0.0166836
0.00614439,0.00747714,0.00777296,0.0210065,0.0442149,0.0241135,0.00612511,0.0069487,0.00512056,0.0044339,0.00509012,0.00666263
0.0111363,0.00967061,0.011448,0.0171271,0.0280056,0.0203818,0.00732738,0.00573966,0.00921832,0.00902585,0.0135955,0.0126466
0.0274663,0.0210905,0.0228182,0.0260811,0.0285296,0.0270153,0.0257305,0.0161449,0.0239039,0.0262832,0.0252757,0.0247851
0.0103886,0.0143343,0.0227321,0.0225687,0.0303779,0.0214334,0.014661,0.0199838,0.0172683,0.0149954,0.0147038,0.0168146
0.0118292,0.00829961,0.0142426,0.0275899,0.0370615,0.0170198,0.0102606,0.013423,0.0175284,0.0128345,0.00840862,0.0122925
0.00933307,0.00993986,0.00994828,0.0257231,0.039219,0.0176727,0.0149634,0.0121861,0.0142797,0.0111898,0.00795648,0.0111322
0.00737105,0.00959642,0.0121901,0.0269065,0.0365896,0.0217418,0.0136221,0.0133749,0.00978489,0.00840338,0.00585126,0.00899549
0.0109406,0.0169165,0.0202028,0.0181032,0.0282592,0.0137154,0.00817108,0.00839916,0.00684941,0.0048313,0.00977929,0.0162255
0.0208724,0.0295687,0.0286992,0.0277309,0.0355145,0.0203143,0.0204639,0.0214895,0.0112971,0.0135139,0.0178844,0.0149584
0.0194413,0.0179026,0.012547,0.0258298,0.0462649,0.031736,0.0192231,0.0213742,0.0222356,0.0131239,0.0164221,0.0220431
0.0099512,0.00906692,0.0137723,0.0311151,0.0480902,0.0215037,0.0112867,0.0149561,0.0185323,0.0119014,0.0151892,0.0184774
0.00987803,0.00841068,0.0107634,0.0363329,0.047731,0.0217131,0.0105522,0.013563,0.0140441,0.0110095,0.0163352,0.015728
0.00826716,0.0109036,0.0222735,0.0304417,0.0382852,0.0193247,0.00847355,0.0102288,0.0143061,0.0169997,0.0155464,0.0104428
0.0107322,0.016328,0.0258168,0.0311879,0.0261819,0.0229815,0.0111932,0.011131,0.0186681,0.0181137,0.0101005,0.0135057
0.0164503,0.0207866,0.0296725,0.0282757,0.0211317,0.0195972,0.0286848,0.0273338,0.0222556,0.0189431,0.0129327,0.00940892
0.011834,0.0116756,0.0121661,0.0160941,0.0165168,0.016145,0.0208951,0.0190499,0.0094129,0.0105746,0.00867702,0.00784568
0.00633581,0.00714188,0.0136691,0.0178749,0.0194413,0.0138062,0.01874,0.0207044,0.00937757,0.00605949,0.00420943,0.00575064
0.00531649,0.00461456,0.00870848,0.0185849,0.0191248,0.0132879,0.0151724,0.0141731,0.0071334,0.0047503,0.0026702,0.00550831
0.00611376,0.00685491,0.0121103,0.0210545,0.0210389,0.0110057,0.0074988,0.0101846,0.00716605,0.00705777,0.00602569,0.00369317
0.0101054,0.0142186,0.0202868,0.0179759,0.0201536,0.01021,0.00684038,0.010881,0.00998939,0.00582225,0.00897472,0.0120487
0.0114882,0.014533,0.0204417,0.0175139,0.0245203,0.0245225,0.0237778,0.0227329,0.0152298,0.0183016,0.0176543,0.0143203
0.00538582,0.0126503,0.0168827,0.020189,0.0259018,0.0227452,0.0321704,0.0383197,0.017961,0.00619138,0.00891434,0.0117982
0.00750292,0.00997047,0.015241,0.0198577,0.02781,0.014169,0.0259025,0.0363277,0.0159114,0.00612629,0.00821667,0.00991033
0.0168473,0.0156344,0.0139123,0.0194081,0.0329797,0.0261361,0.0246027,0.0240163,0.011516,0.00989104,0.0111549,0.0138266
0.0118559,0.00910391,0.0176537,0.0243344,0.0227985,0.00769336,0.0150541,0.0177182,0.0108125,0.00631408,0.0055848,0.00760576
0.0126952,0.0130158,0.0196647,0.0191572,0.0215805,0.0157705,0.0151068,0.0147233,0.0126106,0.00642098,0.0132524,0.0156512
0.0191731,0.0267479,0.0335722,0.0248982,0.0336021,0.0223952,0.0276917,0.0312081,0.0223175,0.0194715,0.0256057,0.0245664
0.0136458,0.0193615,0.0308611,0.0326854,0.0319614,0.0159808,0.0187826,0.0270768,0.0155849,0.0178673,0.0171273,0.0141044
0.00837803,0.0113453,0.0157992,0.0216616,0.0254064,0.0136083,0.0152446,0.0184858,0.00944351,0.00481567,0.00553963,0.00619191
0.00373345,0.00629992,0.00454677,0.0171923,0.0250961,0.0110694,0.0144816,0.0201885,0.0095704,0.00271749,0.00485266,0.00471175
0.00401659,0.00522623,0.0105183,0.018885,0.0256314,0.0152191,0.0112885,0.0180943,0.0116043,0.00431869,0.00837474,0.00549675
0.00933612,0.00873941,0.015744,0.0250524,0.0255875,0.0206643,0.0173748,0.0160812,0.0179083,0.0133358,0.00883183,0.00980839
0.0203237,0.019994,0.0275734,0.0315981,0.0266489,0.0331099,0.0159839,0.0245489,0.0168329,0.011255,0.0134303,0.0148142
0.00912214,0.0125558,0.0160501,0.023139,0.0268653,0.0203365,0.0181056,0.0256295,0.0126926,0.00427898,0.0057767,0.00812303
0.00768202,0.00832447,0.00823673,0.0198075,0.0286431,0.0120269,0.0165204,0.0250584,0.0130686,0.0066944,0.00471699,0.00490612
0.00803766,0.00590689,0.00562549,0.0225517,0.0374423,0.0213906,0.0154486,0.0205556,0.0156606,0.00904273,0.0045887,0.0108327
0.00752806,0.00428029,0.0102873,0.020956,0.0256661,0.0162724,0.0110283,0.0116611,0.00831585,0.00539151,0.00439677,0.00743621
0.0114057,0.00957908,0.00977494,0.0214116,0.0253118,0.0116052,0.0190957,0.0175541,0.0139182,0.00753736,0.00667652,0.00826585
0.0174594,0.0235518,0.0143286,0.0126467,0.0210393,0.0252238,0.0294997,0.0355866,0.01561,0.0151241,0.0128425,0.0157763
0.00938851,0.0144644,0.0221587,0.0133709,0.0195442,0.0220251,0.0305239,0.0381893,0.0124112,0.00398378,0.00641469,0.0116619
0.00643226,0.00770498,0.0127968,0.0186284,0.0239647,0.0091484,0.0210297,0.0308963,0.0151849,0.00418833,0.00510504,0.0101938
0.00492772,0.00577668,0.0055197,0.0202622,0.0290213,0.0177651,0.0130388,0.0190068,0.00839346,0.00362397,0.00390855,0.00710264
0.00740222,0.0058455,0.0115334,0.0246211,0.0294776,0.0155909,0.0115856,0.0141362,0.00705021,0.0038498,0.00706623,0.0115238
0.0124063,0.01587,0.0196779,0.0211562,0.0216032,0.0101746,0.00942064,0.0169422,0.0121,0.00767842,0.0114322,0.0135299
0.0237455,0.0295813,0.0258719,0.0186541,0.0284328,0.0215081,0.0145426,0.0184994,0.0159429,0.0130167,0.0111063,0.0162786
0.0195548,0.0220671,0.0240495,0.0213863,0.0383186,0.0232167,0.0157375,0.0270864,0.0145865,0.00983217,0.00743271,0.0119361
0.0128431,0.0123784,0.0124221,0.0239926,0.0348824,0.0192545,0.0122202,0.0217152,0.0114212,0.00680323,0.00255994,0.0070461
0.00667462,0.00496177,0.00423773,0.0223095,0.0363956,0.0184046,0.0128535,0.0167681,0.00691039,0.00441155,0.00524964,0.009895
0.00306036,0.00510813,0.00830329,0.024608,0.0338059,0.0151322,0.00760102,0.0138851,0.00701722,0.00436644,0.00415614,0.00507868
0.0124658,0.0151385,0.0171463,0.0289941,0.0255279,0.0195755,0.0106565,0.00824622,0.0101185,0.0112466,0.0166094,0.01317
0.0237841,0.0209374,0.0177985,0.0194396,0.0231002,0.014985,0.0361627,0.0371147,0.0282313,0.0290139,0.0268061,0.0212588
0.00776779,0.0138156,0.0215982,0.0149084,0.0227705,0.0219843,0.0250877,0.0353669,0.0182571,0.0106134,0.0106307,0.0101152
0.00641943,0.00804657,0.0149325,0.0196309,0.0209181,0.00734684,0.0146603,0.0190586,0.00930853,0.00672757,0.00592093,0.00857268
0.00419932,0.0039979,0.0053693,0.0194074,0.0256146,0.0157086,0.0125659,0.0191946,0.007714,0.0104834,0.00761034,0.00685272
0.00726367,0.00762091,0.00780646,0.0219847,0.0329509,0.0215614,0.0198623,0.0242553,0.0131481,0.00684747,0.00521072,0.00921852
0.0140305,0.0141471,0.0216156,0.0312874,0.02103,0.0184702,0.0139777,0.0156628,0.0131118,0.0116513,0.00706494,0.0101975
0.0141435,0.025266,0.0272917,0.0207079,0.0282811,0.0281863,0.0269723,0.0325761,0.0265904,0.0176858,0.0104361,0.0117572
0.0092365,0.0213779,0.0261839,0.0102997,0.0197347,0.0204634,0.0252647,0.0265102,0.0232724,0.022484,0.00798954,0.00428823
0.00952736,0.0223658,0.0216276,0.0152119,0.0233352,0.0101437,0.0115117,0.0203155,0.0230848,0.0177841,0.00908822,0.0040094
0.00949868,0.0158293,0.0244867,0.0258595,0.0296396,0.0212402,0.0111242,0.0187103,0.0156525,0.0175719,0.0114125,0.00571216
0.00947431,0.00868655,0.017493,0.0259439,0.0232308,0.0206409,0.0151484,0.0239898,0.0229335,0.0114485,0.00939944,0.00911551
0.0133585,0.0124852,0.0139211,0.0176979,0.0144307,0.0186277,0.0215017,0.0196997,0.0258076,0.02286,0.0106092,0.0137776
0.0224955,0.0188187,0.0128199,0.019919,0.0307292,0.0337413,0.023288,0.019835,0.0280993,0.0248787,0.0226317,0.028148
0.0096212,0.0101375,0.0109088,0.0181271,0.0349652,0.0231534,0.0132334,0.012008,0.00967251,0.00983541,0.0104299,0.0094401
0.00822818,0.0070084,0.00962043,0.0306514,0.0456104,0.0167063,0.00875357,0.0095274,0.00871541,0.00643198,0.00807998,0.0139112
0.00546892,0.00564168,0.00511528,0.0260562,0.0428475,0.0238199,0.00995945,0.00914015,0.00782966,0.00395549,0.007497,0.00929171
0.00604515,0.0067839,0.0113961,0.0221185,0.025868,0.0114734,0.00991356,0.00784297,0.00685995,0.00423846,0.00446412,0.00561283
0.0139863,0.0145367,0.0136312,0.0175321,0.0223713,0.0189988,0.0105548,0.0132352,0.0113203,0.0166419,0.0184312,0.0148993
0.0194526,0.0201055,0.0243675,0.033016,0.0337064,0.01878,0.011455,0.0115662,0.0116463,0.0136373,0.0172991,0.0203363
0.0136552,0.0123383,0.0117646,0.0217007,0.0322859,0.016096,0.00901134,0.00838587,0.0130807,0.0132472,0.00753502,0.0116412
0.0101296,0.00779966,0.00763115,0.0255513,0.0347359,0.0164563,0.00656813,0.006896,0.00747169,0.0114845,0.00900351,0.00950677
0.00752225,0.00710004,0.00568923,0.0222195,0.0305925,0.0119837,0.00596419,0.00515058,0.006373,0.00578222,0.00743294,0.00660985
0.00649998,0.0101764,0.011828,0.0210714,0.0269703,0.0158845,0.0064205,0.00465554,0.00493406,0.00392048,0.00436065,0.00538604
0.00353642,0.00576983,0.00877924,0.0152203,0.0205663,0.0149961,0.00951771,0.00857105,0.0103819,0.0112944,0.00609471,0.0063059
0.00472295,0.00458564,0.0115982,0.0247944,0.0261819,0.0165,0.0133013,0.0122283,0.0124321,0.0104831,0.00920656,0.00907506
0.0034418,0.00381628,0.00952552,0.0206658,0.0237156,0.0122072,0.00571816,0.00746656,0.00460664,0.0046653,0.00413743,0.00590502
0.0041148,0.00423734,0.0103058,0.0209714,0.0232378,0.00967395,0.0034779,0.00708588,0.00631365,0.00397786,0.0039563,0.00630002
0.00227269,0.00488907,0.00681715,0.0161174,0.020441,0.00878524,0.00452507,0.00340562,0.0038434,0.00480827,0.00390803,0.00623035
0.00550533,0.0118732,0.0102081,0.0154805,0.0204563,0.0133018,0.00748801,0.00939185,0.00781019,0.00596782,0.00650427,0.00523328
0.0229819,0.0249936,0.0187999,0.0113409,0.013495,0.0212061,0.0171832,0.0166439,0.0227059,0.0314144,0.0301062,0.0307317
0.0239854,0.0143476,0.0101512,0.00951946,0.0148017,0.0167766,0.0233321,0.0251117,0.0267623,0.0340441,0.0430891,0.0382119
0.0157977,0.0134043,0.00768749,0.0116661,0.0179717,0.0137231,0.0208169,0.0147655,0.0181529,0.0131454,0.0325234,0.0400586
0.0274286,0.0183736,0.0132338,0.012869,0.0196359,0.0221556,0.0223786,0.0160002,0.00767973,0.0141437,0.0220085,0.0323853
0.013058,0.00641492,0.00948662,0.0143056,0.0194896,0.0204892,0.0127148,0.011913,0.013647,0.017778,0.0199329,0.0152176
0.00542673,0.00621535,0.0101495,0.0200584,0.0241655,0.0146744,0.00904815,0.0107824,0.0228004,0.0248914,0.0104908,0.00805187
0.0117366,0.0121433,0.013621,0.0300759,0.0307034,0.0152162,0.0206045,0.0161177,0.0218456,0.0265979,0.0147383,0.00958167
0.0199386,0.019399,0.0194654,0.0284228,0.0327739,0.0280471,0.021761,0.0194136,0.0219634,0.0141736,0.00990897,0.0192755
0.0117298,0.0123922,0.0234538,0.0250116,0.0261178,0.0189834,0.0126334,0.0105344,0.0101964,0.0153595,0.0150383,0.0127644
0.0107054,0.0142527,0.0200397,0.0146992,0.0138718,0.0131039,0.0117079,0.0111086,0.0117159,0.0158861,0.0164841,0.0115681
0.0144359,0.0101131,0.012994,0.0120787,0.00664923,0.0115763,0.0109956,0.0104697,0.00927115,0.00947512,0.00950726,0.011155
0.0158197,0.0150538,0.0137595,0.0192045,0.0137732,0.0105069,0.00857158,0.00756049,0.00923783,0.0110842,0.0141445,0.0129663
0.00531203,0.00904216,0.0124372,0.0227882,0.0260695,0.0143678,0.0112635,0.010157,0.0104364,0.0136001,0.00963056,0.0093517
0.00697408,0.00711197,0.0087409,0.0244381,0.026431,0.0142403,0.00652241,0.00444332,0.00652004,0.00837224,0.00704994,0.00774609
0.0049168,0.00592979,0.0106686,0.0204489,0.0239266,0.00900801,0.00468404,0.00491645,0.00758477,0.00675991,0.00507128,0.00359802
0.00539403,0.00501868,0.00948758,0.00922991,0.0135685,0.0103542,0.00767235,0.00839877,0.00787933,0.00890161,0.00579587,0.00594913
0.00476064,0.00503574,0.00903062,0.00822554,0.0102306,0.00984252,0.00787833,0.00696091,0.00778969,0.00553728,0.00526781,0.00430411
0.00613348,0.00774967,0.00635921,0.00631598,0.00596233,0.00824662,0.00428225,0.00573145,0.00779857,0.00585057,0.00560468,0.00569333
0.00682145,0.00626142,0.00542659,0.00911053,0.00723634,0.00654427,0.00480621,0.00564712,0.00596543,0.00572154,0.00392893,0.00449467
0.0037536,0.0049417,0.0058575,0.00802279,0.00774769,0.00612333,0.00434699,0.00375931,0.00304503,0.00296512,0.00205855,0.00318527
0.003624,0.00280562,0.00286526,0.00511799,0.00574493,0.003866,0.00317447,0.00546118,0.00413287,0.00372773,0.00353399,0.00291794
0.00269251,0.00277884,0.00375165,0.00346606,0.00360873,0.00380432,0.00263595,0.00494454,0.00773837,0.0050053,0.00255673,0.00321044
0.00184348,0.00262603,0.00292038,0.00190869,0.00202468,0.00204194,0.00258944,0.00169714,0.0045971,0.00438529,0.00339533,0.00152007
0.00229107,0.00196266,0.00118556,0.00224573,0.00157921,0.00231921,0.00233469,0.00259878,0.00432267,0.00393373,0.00327036,0.00385653
0.0020155,0.00267115,0.00285627,0.00293691,0.0025632,0.00236359,0.00156138,0.00255661,0.003097,0.00304534,0.00303298,0.00231846
0.00185371,0.00317478,0.00365695,0.00303404,0.00227905,0.00188914,0.00164635,0.00181216,0.00241266,0.00213848,0.00172783,0.00106603
0.00124604,0.00118756,0.00115261,0.0011468,0.00111857,0.000887847,0.000660369,0.000470598,0.000608406,0.000547512,0.00052206,0.000634937
0.000298569,0.000306017,0.000235022,0.000153083,0.000120525,0.000169869,0.000146782,6.94545e-5,0.00011011,0.000108427,0.000236997,0.000198445
0.000118213,9.96512e-5,0.000139897,0.000100705,7.63009e-5,0.000129474,0.000116088,6.29458e-5,9.88441e-5,0.000111197,0.000190449,0.000139646
0.000139175,0.000120281,0.000165657,0.000137066,0.000117002,0.000171357,0.000150654,0.000135551,0.000156148,0.000149692,0.000185069,0.000145401
0.000123316,0.000134645,0.000114139,9.91133e-5,0.000173021,0.000301754,0.000294957,0.000173977,0.000131922,0.000125914,0.000145702,0.000131306
0.000122732,0.000124985,8.36825e-5,8.70903e-5,0.00012797,0.000282502,0.000329398,0.000185418,0.000126765,0.000140302,0.000177317,0.000134009
0.000111518,9.75372e-5,6.11758e-5,6.70026e-5,0.000134035,0.000283482,0.000355881,0.000210704,9.16603e-5,8.42424e-5,0.000191564,0.000151367
6.25726e-5,8.72319e-5,6.56107e-5,9.69017e-5,0.000115497,0.000198287,0.000289169,0.000189719,0.000111348,0.000102429,0.000201369,0.000128225
0.000110273,0.000119705,0.00013185,0.000130983,0.000124403,0.000211071,0.000198262,0.000120602,0.000102907,0.000116559,0.000216867,0.000162331
0.000130409,0.000135976,0.000142343,0.000111247,9.12752e-5,0.000180398,0.000195705,0.00011864,0.000114239,0.00010436,0.000193012,0.000147345
0.000190859,0.000156764,0.000123839,0.000110765,0.000139607,0.000172015,0.000128907,8.05206e-5,8.51127e-5,9.83236e-5,0.000141242,0.000142258
5.57562e-5,4.36563e-5,3.63826e-5,3.44516e-5,3.37018e-5,2.61641e-5,1.95102e-5,1.44561e-5,1.27197e-5,1.89837e-5,2.06664e-5,2.01759e-5
8.44858e-6,5.94803e-6,5.7175e-6,5.53881e-6,3.8319e-6,1.59156e-6,8.57306e-7,9.97763e-7,6.89189e-7,9.57512e-7,1.3381e-6,1.4682e-6
2.81224e-7,2.98615e-7,3.33754e-7,2.53738e-7,1.98926e-7,1.7293e-7,8.96946e-8,7.48925e-8,1.0446e-7,1.10781e-7,7.99595e-8,6.35548e-8
2.52896e-8,2.02484e-8,1.01922e-8,6.2025e-9,5.94724e-9,5.36351e-9,7.1591e-9,4.99194e-9,3.08566e-9,4.20864e-9,3.77758e-9,4.34136e-9
4.82183e-10,2.00648e-10,2.84224e-10,2.16156e-10,2.89723e-10,4.58665e-10,3.59332e-10,2.13202e-10,1.53827e-10,1.44665e-10,8.48653e-11,6.69041e-11
3.93004e-11,2.84255e-11,1.92058e-11,1.38585e-11,5.06108e-12,5.90746e-12,5.99002e-12,4.85145e-12,6.42898e-12,8.33698e-12,6.41482e-12,6.75319e-12
7.7576e-13,7.5367e-13,5.0069e-13,2.362e-13,4.26603e-13,5.83498e-13,4.22735e-13,4.33852e-13,3.84449e-13,4.8092e-13,1.51323e-13,4.52053e-13
1.47067e-15,1.26747e-15,1.0837e-15,1.60544e-15,7.34209e-16,1.47916e-15,9.14323e-16,1.13286e-15,1.02007e-15,1.29937e-15,5.85829e-16,7.17962e-16