6.88245e-5,5.94572e-5,4.91353e-5,3.95616e-5,2.91788e-5,2.08318e-5,1.35227e-5,7.58754e-6,4.76506e-6,3.11244e-6,1.92931e-6,1.86181e-6
0.000543971,0.000561223,0.000461882,0.00033344,0.000282412,0.000257953,0.000237349,0.000215068,0.000193946,0.000137654,0.000102993,0.000121285
0.00435974,0.00340621,0.00257575,0.00244376,0.00244557,0.00239987,0.00211857,0.00292599,0.00308087,0.00309958,0.00267715,0.00311962
0.0049753,0.00389278,0.00363315,0.00360542,0.00376246,0.00328378,0.00326265,0.0042934,0.00323328,0.00333524,0.00412202,0.00279147
0.0112009,0.00799677,0.00687985,0.0114059,0.0156513,0.0174642,0.0173407,0.0133648,0.0144159,0.0112303,0.0101684,0.0117344
0.051769,0.0293118,0.0348544,0.0317094,0.0267438,0.0503316,0.0821861,0.0653215,0.0550638,0.0443601,0.0397674,0.0362274
0.0501064,0.0326332,0.0199658,0.0209253,0.0254876,0.0364245,0.0528103,0.0501056,0.0348972,0.0298117,0.0247136,0.0330518
0.0568255,0.0287887,0.0217438,0.0238629,0.0424688,0.0498067,0.0514721,0.0462165,0.0336936,0.0286779,0.0219456,0.0430577
0.0388466,0.0201068,0.0131432,0.0135059,0.0109704,0.0220753,0.021005,0.0333288,0.0230232,0.0146132,0.00689865,0.0210343
0.033343,0.0172287,0.0138594,0.0142934,0.0108315,0.0202624,0.0176189,0.0163706,0.0196357,0.0188881,0.0180828,0.0283445
0.0233063,0.02732,0.0307127,0.0432155,0.0500874,0.048892,0.0313144,0.0394576,0.0492097,0.0528963,0.0463363,0.0453562
0.0800052,0.0333967,0.0320214,0.0586294,0.109659,0.0529448,0.0514842,0.0791096,0.0411928,0.0202851,0.0209724,0.0648384
0.0477562,0.0253215,0.0135174,0.0496706,0.0926971,0.0440717,0.0418515,0.047752,0.013626,0.00773127,0.0105814,0.0348406
0.03983,0.0177771,0.0130292,0.0293121,0.0537204,0.0258522,0.0209237,0.0245973,0.0156105,0.00678441,0.0110343,0.0361412
0.01972,0.0085596,0.0104695,0.0134782,0.0364824,0.030119,0.0211627,0.0283123,0.018805,0.00788278,0.00613323,0.0193762
0.0261309,0.0232161,0.02757,0.02364,0.0382098,0.0436674,0.0424278,0.0415995,0.0254081,0.0247905,0.0238998,0.0253546
0.0835885,0.0485917,0.0280097,0.0294784,0.0311293,0.0239884,0.0434256,0.0538669,0.0320467,0.027216,0.0366191,0.0527145
0.0569913,0.0293353,0.011854,0.00737687,0.010186,0.0142842,0.0211791,0.0226307,0.0160784,0.00776954,0.0122857,0.0396501
0.0384882,0.0154725,0.00709505,0.00888766,0.007609,0.00608709,0.0117551,0.0107423,0.0101899,0.00599138,0.00678485,0.0272877
0.0254099,0.00801554,0.00440064,0.00689435,0.00846421,0.0066446,0.00774363,0.00560233,0.00553347,0.00398119,0.00553275,0.0207442
0.0185487,0.00856307,0.0050214,0.00550877,0.00500164,0.00725167,0.00766849,0.00925806,0.00381864,0.00275881,0.00428861,0.0140861
0.0456274,0.0311545,0.0191723,0.0202314,0.02514,0.0289776,0.0419329,0.0438305,0.027926,0.0246303,0.0258615,0.0317821
0.0651322,0.0341822,0.00838261,0.00837268,0.010558,0.0151967,0.0200194,0.015552,0.0100553,0.00855006,0.0100999,0.0400466
0.0388469,0.012192,0.0124643,0.0152614,0.0176978,0.0192655,0.0254039,0.0262809,0.0197381,0.0161841,0.012856,0.0318273
0.0590217,0.0262721,0.0113502,0.0226551,0.0172736,0.0194184,0.0314808,0.0392651,0.0395872,0.026475,0.0174588,0.0422061
0.0308082,0.0221252,0.00961416,0.00598188,0.00420567,0.00884827,0.0129293,0.0137719,0.0110825,0.0103933,0.00769536,0.0235019
0.0241036,0.0101895,0.0118904,0.023808,0.0307007,0.0313075,0.0169073,0.0249969,0.0207358,0.0209946,0.0265084,0.0224232
0.0672155,0.0299405,0.0184577,0.0249704,0.0888771,0.127485,0.0556004,0.0281284,0.0222331,0.0181595,0.0202703,0.0418725
0.0395024,0.0160882,0.0095321,0.0148551,0.0753281,0.119591,0.0524386,0.0117056,0.0159397,0.0149296,0.0112144,0.0261108
0.0359587,0.0260628,0.0260694,0.0451919,0.0569103,0.0826458,0.0514649,0.0438395,0.0393084,0.0301981,0.0175563,0.0248107
0.0277098,0.0172715,0.010717,0.00959583,0.0182431,0.038847,0.0203604,0.0213589,0.0192881,0.0182171,0.0100651,0.019083
0.0228034,0.0110998,0.00457603,0.00720751,0.0119632,0.034237,0.0331352,0.0104766,0.0134585,0.0138844,0.00853165,0.01498
0.0872052,0.0433377,0.0251001,0.0263144,0.0592677,0.0678456,0.0440728,0.039006,0.029046,0.0299472,0.0475038,0.0717561
0.0646532,0.0310918,0.00792047,0.0148323,0.0407785,0.0708573,0.0489525,0.0298941,0.0306984,0.0637322,0.0384068,0.0419025
0.0394599,0.0123281,0.00836521,0.0106453,0.0317629,0.05251,0.0328175,0.024423,0.0234328,0.0450864,0.0256108,0.0312135
0.0302052,0.011563,0.00892594,0.0104418,0.0278959,0.0313088,0.0269749,0.0189275,0.00983984,0.0142684,0.00947306,0.0237608
0.0298543,0.0182243,0.0130544,0.00842263,0.0112337,0.00906498,0.0190476,0.0232367,0.0172874,0.0182111,0.00897579,0.0201485
0.0467987,0.0416063,0.0477858,0.0619275,0.0627915,0.0490305,0.0645861,0.0574226,0.0460424,0.0482151,0.0506299,0.0237143
0.0643708,0.0445692,0.0203009,0.0216369,0.0208459,0.0389768,0.0535719,0.0493907,0.0403332,0.0350309,0.027501,0.0457267
0.0529303,0.0256509,0.0147695,0.0205606,0.0340732,0.0273189,0.0380081,0.032266,0.0217576,0.0165431,0.0201145,0.0441238
0.0366076,0.0180612,0.0144617,0.014913,0.0127139,0.0174815,0.0144537,0.0277398,0.00870415,0.0176287,0.0166659,0.0293098
0.0299805,0.0205521,0.0211349,0.018239,0.0149952,0.0204418,0.0226967,0.0231146,0.0163787,0.010831,0.0124153,0.0254732
0.03278,0.0344996,0.0385065,0.0397114,0.0456782,0.0565143,0.0521364,0.0508456,0.0461082,0.0308672,0.0199564,0.024237
0.0552209,0.0299257,0.0216048,0.0215404,0.0206575,0.0236311,0.0213862,0.0321009,0.0375996,0.0255837,0.022741,0.0307694
0.0498786,0.0268662,0.00759867,0.0101596,0.00816523,0.00952708,0.01387,0.0212782,0.0161289,0.00722952,0.0105725,0.0356371
0.0343019,0.011082,0.00596749,0.00473982,0.00645295,0.00455135,0.00855335,0.0132979,0.0110919,0.00500721,0.00488334,0.0248239
0.0263304,0.00982459,0.00498324,0.00558875,0.00459037,0.00464325,0.00702954,0.00263987,0.00430516,0.00317582,0.00451366,0.019939
0.0232846,0.0103367,0.00890361,0.011083,0.0129888,0.014565,0.00995134,0.0150455,0.0117205,0.00669171,0.00649175,0.0191986
0.0531654,0.0403294,0.0590732,0.0585488,0.0468719,0.0478522,0.0616293,0.0542901,0.0521125,0.0555653,0.0483453,0.0623783
0.0752899,0.0469117,0.0129738,0.018586,0.0382766,0.0377878,0.0478702,0.0524617,0.0321624,0.0401603,0.0365324,0.0488054
0.0727245,0.0269598,0.00506718,0.0135148,0.0241247,0.0232373,0.0219154,0.0380413,0.0227653,0.0225082,0.0249072,0.0530768
0.0572322,0.024135,0.00626441,0.00703058,0.00921748,0.00974285,0.0176064,0.0268335,0.0158119,0.00952414,0.0118759,0.0338892
0.0478871,0.0192292,0.00289212,0.00398311,0.00606373,0.00486795,0.0104707,0.0136412,0.0077534,0.00529315,0.00847164,0.0329673
0.037476,0.0220731,0.0146609,0.0167605,0.0165507,0.0211844,0.0441195,0.0481259,0.0359583,0.0300444,0.0287572,0.0418355
0.100432,0.0441007,0.0252461,0.0576403,0.0948576,0.0474734,0.0532619,0.0611449,0.0254388,0.0153917,0.0357736,0.0852609
0.0374261,0.0180049,0.0149204,0.0450895,0.0840266,0.0417344,0.0343786,0.0439693,0.0158509,0.00889515,0.0121315,0.0387026
0.0474151,0.0170849,0.0106036,0.0254006,0.0520949,0.0264468,0.0214332,0.0312317,0.0119363,0.00287603,0.00708791,0.0385524
0.0313038,0.00969675,0.00772759,0.0159057,0.0307216,0.0148665,0.0111837,0.0217901,0.013619,0.00257991,0.00713344,0.0295666
0.0366101,0.0188872,0.0181429,0.0268806,0.0213736,0.0296534,0.0378042,0.0371491,0.0262174,0.0223859,0.0186707,0.0267576
0.102714,0.0639607,0.0256627,0.0304486,0.0317117,0.0263772,0.0426429,0.0657803,0.0364272,0.027107,0.0363594,0.0718516
0.0808572,0.0428483,0.0148078,0.00884289,0.00772298,0.0155823,0.0263567,0.0263409,0.0157896,0.00774865,0.0127864,0.0522352
0.0558384,0.021583,0.00886454,0.00917448,0.00842686,0.0096931,0.0154382,0.0104611,0.00722577,0.00653462,0.0111559,0.0422578
0.0382807,0.0124416,0.0045615,0.00580904,0.00780261,0.00802492,0.0105146,0.00778151,0.00421169,0.00539634,0.00670662,0.0318244
0.0268333,0.0107484,0.00337019,0.00430655,0.00559225,0.00500539,0.00699066,0.00889997,0.0028259,0.00380768,0.0056939,0.0212971
0.0542052,0.0381313,0.024623,0.0243515,0.0246841,0.0377029,0.057968,0.0599552,0.0400849,0.0298179,0.0422659,0.0338867
0.0830414,0.0379702,0.00781981,0.00859438,0.0145524,0.0178896,0.023492,0.0232861,0.00937332,0.00961571,0.0142718,0.0543602
0.0559837,0.0193509,0.00783656,0.0105318,0.0162912,0.0130874,0.0224686,0.0206507,0.0130469,0.0105452,0.0107565,0.0436897
0.0631459,0.0286857,0.016119,0.0207732,0.0142512,0.0185008,0.0357488,0.0466011,0.0498639,0.0348016,0.0237909,0.0488986
0.0348198,0.0232096,0.0130301,0.00673509,0.00725847,0.00758553,0.00912208,0.0121821,0.0096268,0.0106411,0.00865123,0.0231936
0.0361582,0.0240386,0.0124417,0.0126555,0.0229881,0.0289976,0.0401798,0.0396505,0.0305669,0.0161667,0.014247,0.0232641
0.0749251,0.0485236,0.0388138,0.017925,0.015088,0.0226047,0.0738405,0.078641,0.0212963,0.0215894,0.0227399,0.0584418
0.0571194,0.0288068,0.0234806,0.0148956,0.0116283,0.0150319,0.0532291,0.0681198,0.0214491,0.0135452,0.0154329,0.0471509
0.0525879,0.0337551,0.0390798,0.0517586,0.0460423,0.0362649,0.0560043,0.0673953,0.0458383,0.0332241,0.0286029,0.0453788
0.042647,0.0157191,0.0181574,0.0135467,0.00919908,0.0150116,0.0229117,0.0233999,0.021654,0.0146258,0.00898362,0.0287738
0.0314039,0.0110865,0.00677377,0.00710802,0.00726906,0.0091319,0.0180521,0.0195385,0.0165963,0.0125968,0.011846,0.0245177
0.0905555,0.070227,0.0678763,0.0425411,0.0347068,0.0290474,0.0679349,0.083649,0.0493414,0.0463815,0.0697594,0.0899713
0.0394538,0.0643062,0.0946939,0.0436065,0.010585,0.00877773,0.0190913,0.0379722,0.0284056,0.0326945,0.0325091,0.050698
0.0374462,0.0261937,0.0425659,0.0200451,0.00910589,0.0103467,0.0276231,0.0373235,0.0159124,0.0144569,0.0203761,0.0374047
0.0427972,0.0234574,0.0308203,0.0193215,0.0138232,0.0101112,0.0215834,0.0259614,0.0135104,0.015194,0.0180712,0.0457483
0.0284775,0.0231058,0.0191124,0.00780162,0.0188327,0.00839072,0.0181878,0.0244578,0.0111235,0.0149022,0.0148536,0.028425
0.0472263,0.0465869,0.0546286,0.0658724,0.0705902,0.0714016,0.0809498,0.0792329,0.0645053,0.0613723,0.0511997,0.0345062
0.0728013,0.0350744,0.0222119,0.0677289,0.134335,0.0698997,0.0299866,0.0304984,0.0288736,0.0265961,0.0235209,0.05557
0.0487322,0.0201862,0.0145233,0.0550054,0.104177,0.0486626,0.0162261,0.011824,0.0130534,0.0105606,0.0111323,0.0422432
0.0354158,0.0323647,0.0277694,0.0234242,0.0581591,0.024345,0.0106697,0.013433,0.0151354,0.01543,0.0194887,0.0360284
0.0305548,0.0537785,0.0799867,0.0391413,0.0412077,0.0231251,0.011667,0.011035,0.015641,0.0226128,0.0136168,0.0295558
0.0293486,0.0529147,0.0810401,0.0620756,0.0482635,0.036529,0.0419851,0.0405939,0.034884,0.044038,0.0307252,0.0246878
0.10895,0.0642797,0.0441517,0.0224601,0.032849,0.0327617,0.0479732,0.039596,0.0313162,0.0226667,0.0201551,0.0746529
0.0855292,0.0321969,0.0251464,0.0114818,0.00939889,0.00944287,0.0237125,0.0251139,0.0189306,0.0158368,0.00978658,0.0559833
0.0782769,0.0342846,0.0200911,0.017807,0.0224355,0.0190677,0.0294819,0.04061,0.0185137,0.0098251,0.0117546,0.0580499
0.0396525,0.0240379,0.0346656,0.0173842,0.0100663,0.0108398,0.0517383,0.0669793,0.0245102,0.0116167,0.0139869,0.0389939
0.0372629,0.0215691,0.0198325,0.0129922,0.0111057,0.0102477,0.0386403,0.0462694,0.01335,0.00868523,0.00681692,0.0301173
0.044579,0.0316274,0.0529216,0.0638644,0.0543365,0.049949,0.0666457,0.0508688,0.0359862,0.0561689,0.0427972,0.0449797
0.0709966,0.0554494,0.0165674,0.0187388,0.0370046,0.0482279,0.0408934,0.0400581,0.0403361,0.0319704,0.0317096,0.0469144
0.0613303,0.0218921,0.017172,0.0167126,0.0314171,0.0421616,0.0333598,0.0599591,0.0431235,0.036331,0.0308534,0.0512584
0.0528612,0.0276904,0.0141136,0.0123774,0.0241864,0.0453575,0.0408107,0.0465082,0.0317675,0.0223185,0.0216443,0.0357687
0.0412927,0.0165273,0.0140252,0.0131029,0.0193897,0.0264107,0.0181401,0.0205341,0.0210147,0.0138327,0.0146917,0.0260598
0.029179,0.0187853,0.0162879,0.0156581,0.021612,0.0261159,0.0196074,0.0336276,0.0257498,0.0272734,0.0202321,0.020115
0.0718203,0.0273247,0.0357496,0.0530009,0.0967726,0.0515706,0.0505852,0.0752672,0.0472454,0.0220077,0.0268042,0.0664328
0.0462177,0.0230417,0.0174957,0.0424691,0.0698577,0.0390244,0.0346856,0.0369922,0.0120634,0.00897099,0.00878213,0.037995
0.0339715,0.0122188,0.00877228,0.0215299,0.0418842,0.0189972,0.0183909,0.0186796,0.00973722,0.00519354,0.0113363,0.0322529
0.0282465,0.0119849,0.00910769,0.0126085,0.022112,0.0152035,0.0138989,0.0187269,0.0108264,0.0075461,0.00857704,0.0246489
0.0201674,0.0137067,0.0118254,0.0161885,0.0203309,0.0208939,0.0333004,0.0284626,0.0220209,0.0173701,0.0169839,0.0232775
0.0497557,0.0358056,0.0251584,0.0655511,0.0918745,0.0492106,0.044989,0.0535738,0.0353231,0.0315534,0.0474937,0.0546778
0.0374355,0.0180635,0.00810742,0.0293082,0.0741593,0.0464385,0.0135661,0.0105485,0.00791023,0.00639866,0.0117572,0.0300534
0.0313827,0.0136217,0.00545851,0.0265683,0.0573262,0.0309467,0.0113032,0.00865297,0.00592341,0.00633252,0.0125006,0.0314953
0.0265387,0.0402858,0.0799378,0.0509972,0.0350226,0.0173689,0.0100337,0.00998965,0.0170259,0.0316697,0.0255155,0.0351434
0.0165133,0.0207432,0.0320894,0.0136674,0.0122767,0.00749108,0.0061341,0.0091278,0.00451339,0.00712275,0.00813022,0.0176221
0.0576445,0.0303146,0.0245292,0.0168669,0.021407,0.0276082,0.0370637,0.0342685,0.0233209,0.0184923,0.0280987,0.0412378
0.111379,0.0547711,0.0132611,0.0105963,0.0176498,0.0177058,0.0189347,0.0177109,0.0108079,0.00995645,0.0109799,0.070865
0.0691601,0.0281945,0.0186488,0.014296,0.0165185,0.0140828,0.0107305,0.022752,0.0101914,0.00673727,0.00834113,0.0424843
0.0352633,0.0159929,0.0146367,0.0239912,0.0568747,0.102267,0.0620058,0.0347345,0.0287069,0.0227327,0.0185181,0.0360579
0.0238497,0.0160879,0.0122982,0.00635921,0.0463784,0.0916474,0.0412692,0.0123291,0.0119694,0.0100393,0.010041,0.0224213
0.0198703,0.00870967,0.00850937,0.0141409,0.0382746,0.0487786,0.0226295,0.00876555,0.00774968,0.00871391,0.0130275,0.0162713
0.0849172,0.0444925,0.0205836,0.0305761,0.0828549,0.140198,0.0735285,0.0313335,0.0238064,0.0194513,0.0183195,0.0545668
0.0500071,0.018529,0.00681472,0.0174598,0.0885775,0.135261,0.0596594,0.0144132,0.0155063,0.0184072,0.013898,0.0352984
0.0404307,0.0307262,0.0376857,0.0495829,0.0776308,0.107121,0.0716546,0.0573426,0.0517835,0.0342081,0.0230919,0.025919
0.0302789,0.0169124,0.0124526,0.0136158,0.0232933,0.0369252,0.0132041,0.0197881,0.0200405,0.0153562,0.00586639,0.0170467
0.0232349,0.0117785,0.00582437,0.00794809,0.0158199,0.0298026,0.0271655,0.0129912,0.00989584,0.0127931,0.00822084,0.0158454
0.0888099,0.0464133,0.0225727,0.0293994,0.0555917,0.0649772,0.057699,0.0503816,0.0433377,0.0288088,0.0415604,0.0712664
0.0625977,0.0341433,0.00951923,0.0117181,0.0570201,0.104921,0.0669709,0.0265797,0.0317532,0.0733609,0.0359644,0.0373349
0.0388267,0.0130328,0.00796778,0.0105009,0.044709,0.0729077,0.0399499,0.0217243,0.0259741,0.0467969,0.0246534,0.0302158
0.0295109,0.0209211,0.015862,0.0081814,0.0311169,0.0358487,0.0367399,0.0226808,0.009085,0.0161067,0.012296,0.021465
0.0229712,0.019261,0.0133934,0.00824661,0.0257936,0.0300495,0.0300449,0.0270347,0.0178494,0.0163313,0.0101658,0.0157386
0.0439103,0.0285416,0.0414831,0.0576544,0.0571902,0.0659737,0.0729231,0.0695803,0.052642,0.0455358,0.037176,0.0203835
0.0547597,0.0346204,0.0138979,0.020204,0.0416699,0.102554,0.0571881,0.0254213,0.0308295,0.0240347,0.0154129,0.0372315
0.0375087,0.0159202,0.00910269,0.00876712,0.0195659,0.0438411,0.0270765,0.0118298,0.00921303,0.0116443,0.00984719,0.0278199
0.0235505,0.00856557,0.00860482,0.0481947,0.10007,0.053399,0.0237959,0.0138968,0.00559711,0.00529933,0.00999084,0.0278634
0.0180307,0.00621084,0.00541251,0.0228385,0.0479456,0.0305316,0.0126062,0.00702966,0.00492067,0.0037663,0.00575876,0.0187152
0.0146821,0.0113455,0.0157657,0.0343004,0.0576503,0.0446775,0.0364654,0.0322075,0.0230473,0.0175128,0.0165983,0.0173526
0.0469761,0.0462796,0.0854326,0.0455506,0.0384606,0.0461088,0.0535392,0.0380745,0.0252628,0.0199837,0.0204069,0.0355313
0.0395421,0.0295161,0.0420008,0.0220757,0.0150092,0.0165967,0.0198543,0.018926,0.0130353,0.01737,0.0120389,0.0275005
0.0288276,0.0155422,0.016203,0.0187432,0.0156805,0.0164656,0.0156854,0.0139015,0.00846376,0.00596968,0.00613365,0.0220289
0.016384,0.00844281,0.0081132,0.0501882,0.134915,0.0792705,0.0150005,0.00740492,0.0055178,0.0026098,0.00832649,0.0198647
0.0136084,0.00347284,0.0103628,0.0560574,0.125515,0.0649371,0.00673785,0.0117789,0.00600349,0.00512283,0.0084255,0.0200779
0.0468312,0.0368747,0.0516889,0.0603644,0.0788343,0.0642552,0.0711402,0.0681386,0.0429581,0.0355581,0.031829,0.0548814
0.0575258,0.043403,0.023344,0.0162371,0.0441377,0.047115,0.0512583,0.0560216,0.0403195,0.0405249,0.0479781,0.0503972
0.0558052,0.0302803,0.0144185,0.0213689,0.0449559,0.0392385,0.0397547,0.0488153,0.0283868,0.0240845,0.0217153,0.0489755
0.0514698,0.0218684,0.0186435,0.0176525,0.0142025,0.0205461,0.0184236,0.034359,0.0145377,0.0157168,0.0151607,0.0330059
0.0434193,0.0199379,0.0133461,0.0134593,0.0100311,0.0197661,0.0209802,0.0161539,0.0168524,0.00922517,0.0123883,0.0298789
0.0343006,0.0206622,0.0116891,0.0128196,0.0167206,0.0303093,0.0374358,0.0192422,0.0101576,0.0162462,0.0131211,0.0229542
0.0715883,0.0410259,0.0281521,0.0506762,0.0888867,0.0576353,0.0443473,0.0446407,0.030516,0.0223281,0.0238917,0.0617353
0.0434245,0.0224438,0.0139242,0.0421663,0.0782011,0.0400497,0.0283309,0.0355787,0.0185414,0.0103398,0.0140999,0.0417047
0.0441016,0.0158858,0.00538325,0.0212084,0.0452676,0.0262616,0.0195373,0.0231584,0.0131695,0.00897766,0.0125094,0.0358367
0.0307227,0.00748077,0.00788369,0.0132756,0.0274872,0.0203759,0.0206883,0.0239559,0.0130938,0.00742853,0.0071055,0.0285198
0.0269983,0.0182276,0.00944226,0.0127542,0.0280769,0.0201132,0.00914756,0.0244244,0.0172605,0.0145906,0.0119649,0.0222783
0.0620103,0.0388109,0.0272774,0.0475677,0.052563,0.0206164,0.0530967,0.0624162,0.0420192,0.041447,0.0516144,0.0531516
0.0551865,0.0318762,0.015153,0.0474054,0.10399,0.0551185,0.02002,0.0160927,0.0118095,0.0134663,0.0108327,0.0346369
0.035544,0.01451,0.00823474,0.0255593,0.0454186,0.0248476,0.0125634,0.0105336,0.00908959,0.00730968,0.0104859,0.0264077
0.0237313,0.042902,0.0723828,0.0373955,0.0255511,0.0152567,0.0101284,0.00787668,0.00738382,0.0122826,0.0095476,0.0194567
0.0177482,0.0320637,0.0643846,0.0324772,0.0122282,0.01179,0.00831252,0.00856598,0.0071815,0.0132149,0.0101337,0.0150626
0.0339758,0.0309533,0.0265019,0.0231648,0.0220022,0.0226429,0.0358599,0.0383119,0.0213731,0.0212659,0.0319515,0.0250007
0.15809,0.0697861,0.0117557,0.00815802,0.0109048,0.0109503,0.0200574,0.0231225,0.0144334,0.0130501,0.0137721,0.100597
0.0887814,0.0367825,0.0155906,0.00901764,0.0107542,0.00743761,0.0126789,0.0209293,0.0127311,0.0078371,0.0103114,0.0582301
0.0555099,0.0556239,0.0750805,0.0407644,0.0181969,0.0176091,0.0244078,0.0387819,0.0503685,0.0514284,0.0326212,0.0414763
0.0294708,0.0511372,0.105013,0.0537141,0.00793126,0.00652545,0.00522251,0.0100805,0.0165754,0.0283819,0.0161307,0.0210395
0.0221169,0.0365367,0.079726,0.0376054,0.0122355,0.0120034,0.0183917,0.0172894,0.0143923,0.0100206,0.00843771,0.0160899
0.0563955,0.0525205,0.0542672,0.0267096,0.0251642,0.0315115,0.0706487,0.0823107,0.0343565,0.0217505,0.022219,0.0476647
0.0519422,0.0206933,0.0188595,0.0149379,0.0100921,0.0141276,0.0484649,0.0586276,0.0202177,0.010888,0.015502,0.0422044
0.0528024,0.0272593,0.0290152,0.0440046,0.0437835,0.0413849,0.0522585,0.0661637,0.0490274,0.0419342,0.0289306,0.0455478
0.0358808,0.018369,0.0290381,0.0188592,0.0119453,0.015686,0.0244774,0.0260676,0.0209936,0.0183464,0.0114797,0.0247271
0.0245061,0.0157469,0.014959,0.00948946,0.00383949,0.00682019,0.0130204,0.0120731,0.0142492,0.0100641,0.0118777,0.0180928
0.0595955,0.0352943,0.0545037,0.0436581,0.0313668,0.0516745,0.0676382,0.0800482,0.0675082,0.0716565,0.066972,0.0563603
0.0478227,0.072432,0.112655,0.0494381,0.0088314,0.0174164,0.0313213,0.0370125,0.0216785,0.0344788,0.0518986,0.0604291
0.0420729,0.0430526,0.0635949,0.0328033,0.00998892,0.0109536,0.0284,0.041402,0.0215551,0.018646,0.0231848,0.0383845
0.043367,0.0285697,0.0415199,0.0191033,0.0126508,0.00991106,0.0261298,0.0309054,0.0174555,0.0137177,0.0187882,0.0459841
0.0256879,0.0171892,0.0158837,0.00788322,0.0139451,0.00806147,0.0199586,0.0212434,0.0129645,0.00853617,0.00828033,0.02291
0.0351088,0.0314729,0.0602963,0.0723408,0.0604398,0.0600347,0.0701797,0.0755108,0.0631215,0.0604987,0.0428945,0.0244582
0.0679164,0.045166,0.063448,0.080222,0.1126,0.0611135,0.0272151,0.0334348,0.0323796,0.0315299,0.0304393,0.0665385
0.0496649,0.0351494,0.0387485,0.055787,0.109864,0.0527724,0.0161124,0.00956292,0.012073,0.0133997,0.0163887,0.0431456
0.0620599,0.0396122,0.0358298,0.0364463,0.073287,0.0361728,0.0154502,0.0169892,0.0109237,0.0103684,0.0186841,0.0558851
0.0623809,0.0518273,0.0561972,0.0361706,0.0335525,0.0156048,0.0108371,0.013479,0.0121658,0.0199178,0.0176428,0.0512538
0.0502896,0.0419649,0.0571221,0.0334876,0.0406339,0.017424,0.0190823,0.0233841,0.0223685,0.0268559,0.0144993,0.0347538
0.0801401,0.0403534,0.0274825,0.0277878,0.0333443,0.0308545,0.0472258,0.0417196,0.0235287,0.0220138,0.0434228,0.0917986
0.0680088,0.0190286,0.0130382,0.00673911,0.00696486,0.0134434,0.0211318,0.0252382,0.014306,0.00767198,0.0240723,0.0756932
0.0471167,0.0250574,0.0210562,0.0156862,0.0153239,0.0116275,0.0183733,0.0237356,0.0163895,0.00601626,0.0211225,0.0526489
0.117876,0.051574,0.0279008,0.0149969,0.0148385,0.0164511,0.046866,0.0744975,0.0269507,0.00850789,0.00795545,0.0775998
0.0961668,0.0465358,0.0348782,0.020036,0.0123593,0.0135323,0.0393605,0.0603506,0.02705,0.0127827,0.0100459,0.0480473
0.103692,0.0590413,0.0411751,0.0633161,0.0622834,0.0587307,0.0603526,0.044013,0.0506717,0.0439565,0.039247,0.0652655
0.106314,0.0467324,0.0238406,0.0299364,0.0403006,0.0384341,0.0470783,0.0563313,0.0392084,0.05395,0.0611609,0.0793179
0.0964573,0.0342671,0.0216121,0.0238572,0.0257288,0.0303522,0.0446959,0.0708084,0.0320303,0.0181729,0.0270229,0.0550595
0.092931,0.0373552,0.0161449,0.0201365,0.0341162,0.0417168,0.0257304,0.0508109,0.0410903,0.0193344,0.0185746,0.0493988
0.0718455,0.0427318,0.0241702,0.0150169,0.0194025,0.0315063,0.0186782,0.0178183,0.0210053,0.0164159,0.0228134,0.0294149
0.0597139,0.0513419,0.0592643,0.0493359,0.0452811,0.0548796,0.0402378,0.0339536,0.0425059,0.0412988,0.0453246,0.055135
0.0986702,0.0381333,0.0542302,0.0826573,0.0848164,0.0578605,0.0562631,0.0794667,0.0612188,0.0361426,0.0369149,0.0907162
0.0814828,0.0448784,0.035254,0.0694489,0.118375,0.0645587,0.0518376,0.0651894,0.0299832,0.020501,0.0183468,0.0681664
0.0777581,0.0267401,0.0207108,0.0201853,0.0440643,0.0220315,0.0300185,0.0410358,0.0181033,0.0134254,0.0236976,0.0717463
0.042577,0.035884,0.0201816,0.0221077,0.0397077,0.030161,0.022724,0.0292561,0.0233271,0.0173304,0.0285632,0.0502511
0.0456191,0.0338594,0.026907,0.0337916,0.047083,0.025106,0.0288587,0.0334293,0.0252251,0.0209476,0.0168854,0.0359803
0.0676741,0.0594658,0.043686,0.0960147,0.150603,0.0946948,0.0549236,0.0612714,0.0500797,0.0412031,0.0385161,0.0497615
0.0590305,0.0292353,0.020466,0.0460122,0.0791415,0.0468185,0.0205512,0.0283426,0.0259007,0.0160184,0.0241183,0.0660579
0.0418375,0.0165703,0.012919,0.0412315,0.0917074,0.0473594,0.00714634,0.0118223,0.0142395,0.011121,0.0184143,0.0467907
0.0337823,0.0492519,0.0894847,0.0384286,0.0406716,0.0315848,0.0365245,0.0154072,0.0227935,0.0337106,0.0212557,0.0331977
0.026124,0.0407958,0.0569237,0.0243739,0.0227649,0.0178453,0.0144352,0.0125014,0.0166442,0.0242747,0.0115688,0.0218529
0.0925869,0.0638742,0.0577277,0.0707831,0.0711527,0.0564847,0.0651288,0.0665462,0.0577894,0.0474508,0.0367422,0.0426743
0.071739,0.03698,0.0258319,0.0168764,0.0302984,0.0186018,0.042383,0.0465576,0.0197674,0.0193714,0.028985,0.0448692
0.0641905,0.0242276,0.00981982,0.0123956,0.0218262,0.0187537,0.0192794,0.0183851,0.00935807,0.0184237,0.0176584,0.0405092
0.0391496,0.0206555,0.0164708,0.0194881,0.047757,0.114488,0.0689926,0.0348688,0.0278267,0.0139126,0.00958831,0.0308073
0.0449525,0.0279251,0.0167124,0.0122942,0.0713474,0.133336,0.0585981,0.0122507,0.0113697,0.012858,0.00889989,0.0221619
0.0564554,0.0431605,0.033781,0.0404747,0.0702521,0.0979553,0.0642371,0.042582,0.0426978,0.0398087,0.033012,0.0351648
0.0842274,0.0503773,0.021217,0.0316924,0.0809426,0.119867,0.0661477,0.0219109,0.033142,0.0405242,0.0399182,0.0490654
0.0892688,0.0336533,0.0113926,0.0228751,0.0967681,0.151635,0.0636256,0.0213937,0.0217546,0.0265455,0.0146451,0.0539103
0.0894082,0.0406037,0.0383586,0.0542256,0.113028,0.148527,0.0772753,0.0573655,0.0503241,0.0460286,0.0403881,0.061804
0.0737822,0.0380837,0.0155175,0.0245967,0.0670131,0.0926976,0.0309348,0.0287012,0.0277095,0.0143212,0.014555,0.034659
0.0645021,0.0294688,0.0103495,0.0196855,0.0715726,0.093735,0.0541697,0.0219263,0.0156345,0.0280719,0.0241106,0.0354915
0.0718853,0.0414566,0.0216122,0.0651011,0.11167,0.146852,0.0965773,0.0712287,0.0650098,0.0541657,0.0486916,0.0346279
0.116272,0.0509582,0.0266512,0.0325292,0.0687347,0.107752,0.0543777,0.0248452,0.0441996,0.0627394,0.0306317,0.0838227
0.058743,0.0331457,0.0132565,0.0196334,0.0532701,0.0867711,0.0309017,0.0344991,0.0321527,0.0763507,0.0397084,0.0392712
0.0473041,0.0256668,0.0167536,0.0215365,0.0581931,0.0844761,0.0498385,0.0209236,0.0220995,0.0256664,0.0235414,0.0415008
0.0378542,0.0228404,0.025136,0.0192837,0.0205079,0.0322472,0.0255484,0.0184979,0.0187799,0.021749,0.0118492,0.0230825
0.0788999,0.0624388,0.0677441,0.0666182,0.0550196,0.0457855,0.0471261,0.0651312,0.0559803,0.0391189,0.0345677,0.0531235
0.0795555,0.0385442,0.01983,0.0231229,0.081326,0.144821,0.0646653,0.0370829,0.030031,0.0216323,0.0154323,0.0397838
0.0637817,0.0253809,0.00928132,0.0123105,0.0302345,0.0554043,0.0313909,0.0153429,0.0178981,0.0196261,0.0123299,0.044415
0.0459196,0.0156054,0.00891371,0.0309613,0.0533228,0.0481033,0.0252293,0.0196407,0.0190648,0.0105132,0.012453,0.0332048
0.035156,0.0111541,0.0114905,0.0395708,0.0648442,0.0442813,0.0189975,0.016262,0.01336,0.0125845,0.0179282,0.0449312
0.0274118,0.0140565,0.021203,0.0313474,0.0491455,0.0311799,0.0265859,0.029303,0.0188508,0.0192038,0.0154337,0.0258661
0.0452189,0.0334765,0.0606365,0.060101,0.0465455,0.0548634,0.0612862,0.0546772,0.0558472,0.046416,0.0320977,0.0338532
0.046918,0.0247007,0.0377965,0.0265382,0.0114438,0.00956504,0.0194955,0.0280473,0.0183047,0.0251948,0.0214224,0.03407
0.0397833,0.017862,0.0236457,0.0209865,0.0151535,0.0269905,0.0225951,0.0172571,0.0174603,0.0147776,0.0145774,0.0297351
0.0296085,0.0142709,0.0154549,0.0416383,0.119085,0.0685643,0.0178531,0.0210881,0.0257931,0.0157122,0.0287501,0.0593852
0.0318443,0.0182844,0.0231985,0.0704213,0.128624,0.059264,0.0160474,0.0229377,0.0215812,0.0151372,0.0144466,0.0279553
0.0654572,0.050662,0.0488462,0.085572,0.12288,0.0863475,0.0580089,0.0589994,0.077809,0.0487415,0.0276256,0.0503024
0.10191,0.0415858,0.0361912,0.0445424,0.0682529,0.0436816,0.0571875,0.0726683,0.0510471,0.0572716,0.063785,0.0780346
0.0915062,0.0334587,0.0220219,0.0274181,0.0300735,0.0329172,0.0482676,0.0782244,0.0322394,0.0246117,0.0286157,0.049537
0.0954725,0.0415051,0.0125816,0.0138766,0.0272015,0.0407342,0.023965,0.0573106,0.039378,0.0175314,0.0162756,0.0439214
0.0935177,0.0347236,0.0140274,0.0125299,0.0163078,0.0243944,0.0409729,0.061655,0.0297539,0.0189583,0.0176213,0.0492285
0.0632185,0.0477177,0.0463445,0.0399051,0.0351761,0.0514205,0.0468344,0.064428,0.0565769,0.0306676,0.0210777,0.0543306
0.0702587,0.0387458,0.0405486,0.0864265,0.13096,0.0805563,0.0658325,0.0729237,0.0424441,0.0314027,0.0284453,0.0730534
0.0813265,0.0411765,0.0300954,0.067995,0.131468,0.0737452,0.0477172,0.0647968,0.0388352,0.0181225,0.0264794,0.0712554
0.0731678,0.0271619,0.0114046,0.0352764,0.068313,0.0302791,0.0219667,0.043555,0.0248401,0.0151791,0.0199713,0.0531312
0.0750836,0.0256257,0.0144122,0.0206165,0.0325968,0.0150259,0.0250795,0.0417677,0.0283101,0.0240408,0.0184823,0.0414995
0.0846207,0.047692,0.0330832,0.035229,0.0412354,0.0299939,0.0382537,0.0521366,0.0391611,0.0265675,0.0231985,0.0557278
0.075379,0.0605972,0.0532439,0.055527,0.0934896,0.0679328,0.0526616,0.0807619,0.0529426,0.0472747,0.0433239,0.0606864
0.0579298,0.0267121,0.0262738,0.0500316,0.0956644,0.0542629,0.0173169,0.0256099,0.0180767,0.0183481,0.0321257,0.0701774
0.0458202,0.019806,0.00825814,0.040573,0.0785228,0.0376948,0.0128637,0.0126076,0.0106691,0.00904129,0.0136878,0.0454791
0.0309209,0.0342037,0.0599599,0.0364795,0.0394925,0.0290354,0.0244407,0.0209882,0.0177528,0.030381,0.0208747,0.0259725
0.0266434,0.0376832,0.0559273,0.0254437,0.0170647,0.0112042,0.0106725,0.0123353,0.014518,0.0203397,0.00840568,0.021992
0.0610722,0.046535,0.0563635,0.0626581,0.0584985,0.0516229,0.0787774,0.071866,0.0501617,0.065648,0.0651009,0.0520106
0.0704472,0.0405219,0.0325892,0.0129977,0.0184987,0.015755,0.0283066,0.029935,0.0167422,0.0197004,0.0281781,0.0507231
0.0687811,0.0227216,0.0101985,0.0110071,0.0231134,0.0179569,0.0179651,0.0193394,0.00657995,0.0147142,0.01782,0.043913
0.053143,0.0248665,0.0326218,0.0359307,0.0353403,0.038738,0.0347113,0.0702258,0.0839017,0.057761,0.0431606,0.0482009
0.0468531,0.0225558,0.0209224,0.0431636,0.0268885,0.0172659,0.0142803,0.0616073,0.0966598,0.0366282,0.00704151,0.0336563
0.0538378,0.0401953,0.043401,0.0587219,0.0457874,0.0302585,0.0313329,0.0518165,0.0672677,0.0405717,0.0149137,0.0334087
0.0590332,0.0414964,0.0449803,0.0925552,0.102312,0.0600344,0.0403414,0.0428112,0.0570295,0.0536291,0.0635774,0.0897788
0.0311196,0.0149812,0.016704,0.0771707,0.109098,0.0360249,0.0174166,0.0212938,0.0233208,0.0214262,0.0330589,0.0507298
0.0212116,0.0229871,0.0342662,0.0755518,0.112989,0.0735306,0.0418881,0.0504317,0.0503661,0.0357577,0.0263286,0.0409187
0.0380403,0.0218528,0.028091,0.0644475,0.0672613,0.0350453,0.0281245,0.0396838,0.0326039,0.0194981,0.0361358,0.0574045
0.0232833,0.0160407,0.0197195,0.0580234,0.0892131,0.0425555,0.0184201,0.0160359,0.0151063,0.00808864,0.0284533,0.0453971
0.040971,0.0233011,0.0283625,0.0645931,0.0847403,0.067414,0.0560326,0.0617846,0.07345,0.0490079,0.0427332,0.0583537
0.0531699,0.0199378,0.0375095,0.0863321,0.085464,0.0407983,0.0455254,0.0759048,0.0926076,0.0434755,0.0697672,0.108461
0.0485372,0.0187041,0.0243075,0.0781614,0.0819221,0.0307663,0.0297011,0.0294209,0.0646853,0.0436549,0.0500499,0.0799125
0.0273889,0.02426,0.0360795,0.0674772,0.0899329,0.0391002,0.0388083,0.0363256,0.0382105,0.0312789,0.0441872,0.0548388
0.0136439,0.0195261,0.0343861,0.06737,0.109187,0.0543983,0.0288516,0.0282403,0.0233735,0.0151472,0.0205517,0.0182555
0.0492792,0.045497,0.059332,0.0435228,0.0948876,0.0566455,0.0536007,0.050038,0.0543646,0.0406783,0.0546008,0.0549156
0.0318544,0.0286159,0.0453437,0.102606,0.114174,0.0753907,0.0468736,0.0534475,0.0442857,0.0326918,0.0483052,0.0525783
0.0123534,0.011546,0.0126272,0.0574882,0.0811186,0.0278929,0.0104142,0.0172029,0.0229,0.0167739,0.0116512,0.0151883
0.0142456,0.00982058,0.0115382,0.0428572,0.0600981,0.0270313,0.0124586,0.0233554,0.0231016,0.0319904,0.0243061,0.0199384
0.0110208,0.0106409,0.0121858,0.0507316,0.0801275,0.0384703,0.0153989,0.0169795,0.0457326,0.0817024,0.0332829,0.0142012
0.0123413,0.0161284,0.0181838,0.0212593,0.0390882,0.0218554,0.0156198,0.0265445,0.0263398,0.0550936,0.0217657,0.0188946
0.0366186,0.029091,0.0361157,0.0572317,0.0369939,0.0507026,0.0722072,0.0695155,0.0596217,0.0480559,0.0389089,0.0597078
0.0242966,0.0172811,0.0167469,0.0539097,0.0569757,0.0276147,0.0306543,0.0347006,0.0532203,0.0329353,0.0292074,0.0548897
0.0178928,0.00885535,0.0115889,0.0380777,0.0482563,0.0279923,0.025274,0.0206297,0.0293435,0.015019,0.0181871,0.0295116
0.0145816,0.0160149,0.0109062,0.03894,0.0603181,0.0265009,0.0193648,0.0189419,0.046875,0.0766175,0.0380506,0.0240502
0.0243215,0.0291912,0.0190869,0.0316252,0.0580436,0.0270097,0.0175112,0.0239161,0.0636439,0.122325,0.0586455,0.0178711
0.0472663,0.0506324,0.0411455,0.0520381,0.0381289,0.0435392,0.0482914,0.0555763,0.0876776,0.109477,0.061883,0.0352994
0.0422315,0.0448363,0.0231927,0.0457227,0.0779752,0.0315422,0.0345051,0.0306086,0.0816311,0.107726,0.047081,0.0268656
0.0158864,0.0207435,0.0161266,0.0385572,0.0772703,0.0406847,0.024724,0.0291334,0.0673854,0.0820594,0.0265436,0.0136515
0.0198321,0.0308862,0.0188217,0.0386201,0.0542517,0.0155658,0.0241008,0.0220304,0.0616064,0.0869383,0.0375887,0.0128922
0.0170201,0.0261495,0.0163651,0.0323595,0.0521551,0.0323888,0.0173736,0.0078695,0.0564805,0.0866381,0.0330096,0.010754
0.0271358,0.0290371,0.0150685,0.0362542,0.0628843,0.0471967,0.0371303,0.0336231,0.0408354,0.0897556,0.0520878,0.0162113
0.0257524,0.0270031,0.0286433,0.053725,0.0659801,0.0390553,0.0187152,0.0227126,0.092907,0.140519,0.067159,0.0255714
0.0179497,0.0245157,0.0198935,0.0341236,0.0546079,0.030316,0.020878,0.0240491,0.086895,0.141487,0.0547855,0.0150647
0.0197773,0.0126764,0.00858947,0.0126466,0.0287135,0.0180777,0.0177886,0.0153468,0.0683018,0.130084,0.0567298,0.012587
0.00659824,0.00475224,0.00722213,0.0165706,0.0336928,0.0230303,0.0180462,0.0173708,0.0717262,0.107862,0.0449861,0.00926938
0.022567,0.0265312,0.0210679,0.0315067,0.0497663,0.0243102,0.0173916,0.0354223,0.068196,0.0912122,0.0356656,0.0141229
0.0376765,0.0362719,0.0336119,0.0616511,0.0728501,0.0426924,0.0322812,0.0577164,0.0946609,0.089085,0.0353654,0.0269124
0.0263016,0.0414721,0.0254233,0.0494987,0.0786678,0.0449493,0.0312187,0.0258215,0.0708402,0.120273,0.0599406,0.0190322
0.0124448,0.0221467,0.0169017,0.0217522,0.0434964,0.0234084,0.0171818,0.0165935,0.0642636,0.111366,0.0485774,0.00951684
0.0164666,0.0099411,0.00770279,0.0115451,0.0196767,0.0150747,0.015579,0.0189567,0.0495779,0.0758563,0.0347464,0.0202312
0.00946275,0.00824742,0.00551268,0.00900005,0.0160077,0.0109378,0.0122874,0.0132501,0.0246071,0.0364385,0.0161647,0.0235029
0.0395592,0.0554015,0.0664385,0.0680168,0.0584678,0.0604633,0.0796657,0.0680849,0.0567221,0.0665326,0.0615907,0.0452919
0.0752,0.0327015,0.0237238,0.0700768,0.089281,0.0406155,0.0264836,0.0386235,0.0485341,0.0849835,0.0479756,0.0589312
0.0628832,0.0286358,0.00848407,0.0280439,0.0427876,0.0187654,0.0210497,0.0314756,0.0469315,0.0705197,0.0310313,0.0369753
0.0459578,0.0201077,0.0182973,0.0330536,0.0519112,0.0311794,0.043528,0.0456229,0.0529501,0.0595429,0.029319,0.031389
0.0329206,0.0187067,0.0134328,0.0184022,0.0557764,0.103665,0.0466118,0.0263839,0.0279689,0.0398489,0.0110166,0.0214803
0.0355825,0.0300189,0.0350676,0.047914,0.0811626,0.0900576,0.0592533,0.0408352,0.0475551,0.0497898,0.031688,0.0231486
0.0486034,0.0413245,0.0255478,0.0550388,0.0892579,0.0756824,0.0559896,0.0363696,0.0292687,0.0392518,0.0339117,0.0457717
0.0655891,0.0334211,0.0131828,0.0243176,0.0934683,0.102428,0.03364,0.014306,0.0165145,0.0267655,0.015644,0.0439304
0.0605415,0.0212497,0.0331248,0.0335995,0.0804327,0.0946697,0.0432146,0.0409021,0.0370908,0.0338691,0.0230539,0.0470056
0.0769332,0.0465853,0.0206574,0.0334423,0.0704134,0.06825,0.0331577,0.0302479,0.0338232,0.0335831,0.0216086,0.0456773
0.0554678,0.0278583,0.0137593,0.0266006,0.0682934,0.0761638,0.032558,0.0153557,0.0251806,0.0332891,0.019992,0.0409503
0.0695192,0.0567416,0.0539189,0.0727409,0.077578,0.0540629,0.0642264,0.057512,0.062221,0.0613702,0.041382,0.0550999
0.0973352,0.0506417,0.0399569,0.037958,0.0853796,0.117029,0.0497395,0.0219188,0.0410596,0.0509143,0.0303904,0.0528524
0.0482632,0.026436,0.0208652,0.0279218,0.0698076,0.0785064,0.0439453,0.0246718,0.0189665,0.0322924,0.0258929,0.0309071
0.0424885,0.0162957,0.0162621,0.0218269,0.0769917,0.113554,0.0566229,0.0190967,0.0168412,0.0278785,0.0258802,0.0341759
0.0440577,0.0281942,0.0196174,0.026437,0.0839685,0.113787,0.0444973,0.0211976,0.0203968,0.0199634,0.0118941,0.0252462
0.0540312,0.0537327,0.0579994,0.062624,0.102055,0.123025,0.0492248,0.0459099,0.0407308,0.0283716,0.0276415,0.0399707
0.053454,0.0399737,0.0263102,0.0503958,0.104613,0.161464,0.0803364,0.0371273,0.0334462,0.0234324,0.0193343,0.0318425
0.0397506,0.0205793,0.0105781,0.0156737,0.095243,0.146564,0.0542445,0.0130412,0.0197306,0.019529,0.0152059,0.025554
0.0164837,0.00914446,0.00765598,0.0120493,0.0768607,0.116256,0.0384729,0.0106392,0.0172144,0.0207782,0.00800019,0.00870351
0.0168318,0.0147613,0.0171003,0.010554,0.0457528,0.069596,0.0389797,0.0434169,0.0302371,0.0205283,0.00905583,0.0118158
0.0123397,0.010879,0.0126614,0.0131142,0.0296806,0.0475086,0.0263366,0.0385437,0.0163321,0.0135317,0.0100426,0.0123288
0.0282359,0.0179102,0.0427788,0.0796613,0.0876422,0.0600165,0.0749084,0.0774309,0.0615269,0.0454071,0.0457641,0.0281608
0.039807,0.0356187,0.0197803,0.019031,0.070575,0.0981245,0.0572545,0.0321897,0.0342165,0.065747,0.0365671,0.0260342
0.0158724,0.0104109,0.00757791,0.0104271,0.0570475,0.071764,0.029605,0.0151993,0.0413042,0.0692121,0.0330771,0.0124255
0.0133014,0.00564174,0.00549662,0.0144739,0.0445888,0.0589919,0.0224011,0.0123054,0.0183209,0.0416833,0.0202565,0.00960423
0.0233586,0.0170271,0.014358,0.0143876,0.0438079,0.0522446,0.0204189,0.0159949,0.00907495,0.0193317,0.0144086,0.011882
0.0614498,0.0544588,0.0565373,0.0656706,0.0756652,0.0859264,0.100814,0.0974202,0.0578545,0.0421918,0.0324209,0.0173765
0.0891968,0.065517,0.0725063,0.0520636,0.0488886,0.0431295,0.0993084,0.108413,0.0389311,0.0426935,0.0382131,0.0505358
0.0931849,0.0446596,0.0360816,0.0341572,0.0314406,0.0337096,0.107865,0.134157,0.0551878,0.0207856,0.0267724,0.0542585
0.0964065,0.0356913,0.0212489,0.0379609,0.0411293,0.0309147,0.0807566,0.104683,0.0428257,0.0503557,0.0275462,0.0460585
0.0802033,0.0300339,0.0196106,0.0271897,0.0437166,0.0328127,0.0518393,0.0713047,0.0328576,0.0534351,0.0347279,0.0381318
0.0664431,0.0387821,0.0200667,0.0324987,0.0543868,0.0453437,0.0608176,0.0561032,0.0452028,0.0598276,0.0253349,0.0361366
0.108759,0.0693469,0.0507577,0.0507695,0.0517929,0.0442832,0.0843212,0.087323,0.0480261,0.0438821,0.0596698,0.0936196
0.0947582,0.0282269,0.0270228,0.065287,0.108741,0.065479,0.0616147,0.0860586,0.0348717,0.0278006,0.0432402,0.0926666
0.0865968,0.0398227,0.0153866,0.035576,0.0538298,0.0443296,0.063358,0.0777922,0.0323809,0.0200229,0.0210137,0.0766334
0.122863,0.0580248,0.0307414,0.0212039,0.0316854,0.0293582,0.0656395,0.100665,0.0481831,0.0235737,0.0205458,0.087941
0.128459,0.0826844,0.0302479,0.0338669,0.043195,0.0199195,0.0547714,0.0804304,0.0449384,0.0164583,0.0253298,0.0615291
0.0968874,0.0502579,0.0522777,0.0671589,0.0628716,0.037602,0.0420061,0.0375066,0.0283211,0.0426011,0.0383006,0.0739039
0.0711176,0.0551247,0.0970175,0.0486929,0.0244817,0.0291994,0.0409639,0.0482306,0.0412346,0.0715139,0.0427601,0.0328531
0.0715486,0.0450532,0.0943299,0.0477583,0.014181,0.0228131,0.0333352,0.0386444,0.0318587,0.0588566,0.0377901,0.0475463
0.0419993,0.0331575,0.0588646,0.050723,0.0630485,0.0241335,0.0168593,0.022501,0.0257749,0.0288777,0.0185523,0.0453229
0.0579988,0.0259332,0.0253266,0.0735302,0.112833,0.04969,0.00982847,0.0171144,0.016533,0.00946997,0.0302973,0.0775682
0.0502056,0.0377115,0.0367569,0.0729098,0.105307,0.0681038,0.048375,0.0531209,0.0488523,0.0410224,0.035725,0.0506838
0.072331,0.0349329,0.0203654,0.0335813,0.0577122,0.103896,0.0609496,0.0400688,0.0368263,0.0275697,0.0214215,0.0462481
0.0327739,0.0149148,0.0196748,0.0349286,0.0686516,0.107943,0.0803565,0.0442973,0.0252159,0.0215027,0.0160977,0.0299275
0.0291538,0.0230352,0.0196197,0.0247076,0.0495439,0.0508183,0.0453509,0.0293918,0.0527364,0.0725224,0.036327,0.0302504
0.0287604,0.0201359,0.0096071,0.0128434,0.0366642,0.0512906,0.0333533,0.0219574,0.0331221,0.0700978,0.046803,0.0241873
0.0322487,0.0334409,0.0380316,0.0312268,0.0393682,0.0393695,0.0190696,0.0201928,0.0240839,0.0426438,0.0242636,0.0175178
0.0200196,0.0572508,0.0858394,0.048606,0.03742,0.0584696,0.079706,0.123745,0.0993088,0.0621536,0.0449801,0.0326536
0.0153238,0.0358302,0.0684194,0.0314555,0.0161927,0.0238767,0.0627284,0.123857,0.0685543,0.0359299,0.0183664,0.0195239
0.0197045,0.043946,0.0562951,0.0316678,0.0314851,0.0370953,0.0686651,0.108195,0.0526057,0.0180982,0.0207356,0.0225424
0.0215012,0.0445143,0.0521799,0.023151,0.0162175,0.0258531,0.0522417,0.078721,0.0409209,0.0179539,0.0180232,0.0162882
0.0104026,0.0318655,0.0479805,0.0211719,0.00911757,0.0148233,0.0485317,0.0597099,0.0240058,0.0119399,0.0117988,0.0124709
0.0357282,0.0373201,0.0459734,0.0482692,0.0475577,0.0949998,0.103531,0.0788345,0.0508298,0.0402693,0.0362778,0.0217328
0.0340172,0.0278159,0.0479893,0.0446924,0.0839638,0.177828,0.116682,0.0486602,0.0287464,0.0244804,0.0291202,0.0437969
0.0176894,0.0199931,0.0325166,0.0242372,0.0434197,0.0854902,0.0675398,0.061859,0.0300396,0.0225691,0.0229466,0.0249422
0.0132412,0.0250703,0.0512285,0.0329906,0.0313146,0.0540053,0.0601362,0.0573723,0.0232717,0.0177923,0.0149261,0.0142973
0.0176262,0.0287516,0.0465742,0.0262821,0.0316413,0.0508475,0.0720709,0.0814456,0.0318371,0.0179081,0.0110452,0.0126065
0.0447078,0.0737094,0.0972654,0.0592392,0.0505083,0.0480896,0.0523093,0.0728954,0.0351066,0.0322767,0.0294939,0.0367699
0.0339608,0.0435143,0.0483184,0.0606218,0.0975374,0.0749356,0.0704334,0.0789834,0.0568044,0.0344343,0.0358216,0.0508047
0.0163625,0.0251687,0.0417197,0.0488983,0.0821545,0.0479747,0.0767674,0.101997,0.0372283,0.0152224,0.018006,0.0311293
0.0102944,0.0236842,0.0376659,0.0383661,0.0691795,0.0379465,0.0801593,0.0964951,0.0362372,0.00851008,0.00925856,0.0191446
0.0097658,0.0275391,0.0342938,0.024483,0.0330987,0.0340558,0.0736806,0.088081,0.0320527,0.00981558,0.00928261,0.0110942
0.0111065,0.0186361,0.0280383,0.0262941,0.0286077,0.0332515,0.0633613,0.0701028,0.0224294,0.012902,0.00742927,0.00778369
0.0230541,0.0756335,0.134381,0.0763904,0.0379742,0.0481455,0.0873907,0.0660039,0.0437767,0.0467999,0.0348871,0.0156634
0.0165712,0.0602794,0.125975,0.0572367,0.0175932,0.0280869,0.0529055,0.0375239,0.0334557,0.0440728,0.031566,0.0331684
0.0131911,0.0500465,0.0844391,0.0367019,0.020247,0.0264232,0.0534205,0.0538809,0.0361154,0.0492393,0.0321114,0.0212067
0.00839312,0.0299295,0.0499657,0.0214693,0.0164591,0.0159558,0.0408153,0.0602201,0.0278349,0.0195967,0.0164143,0.0140077
0.0115847,0.0255533,0.0385055,0.0233544,0.0189928,0.0200462,0.046704,0.0614402,0.0217194,0.00806319,0.00816211,0.00842071
0.0531254,0.0560231,0.0748733,0.0641911,0.0498736,0.0533881,0.0539812,0.0799684,0.0583024,0.0502145,0.0528196,0.059178
0.0356233,0.0734477,0.0866267,0.0390587,0.0236059,0.0534724,0.11044,0.1251,0.0569513,0.034332,0.050213,0.0838792
0.0283779,0.047858,0.0756588,0.0330867,0.0236859,0.0367474,0.0896165,0.130166,0.0505917,0.0368153,0.0404117,0.0529818
0.0171941,0.027427,0.048049,0.025086,0.0145303,0.0252411,0.0825007,0.118846,0.0543784,0.0231128,0.0178339,0.0236806
0.0104366,0.0266329,0.0399882,0.0213917,0.0108132,0.0235309,0.0739462,0.0905758,0.0285046,0.0108023,0.00727403,0.0133038
0.0128772,0.0288089,0.0244965,0.0223128,0.0166976,0.0281904,0.0593161,0.0661915,0.0340621,0.0145224,0.0150154,0.024267
0.0168332,0.0366426,0.0555373,0.0481603,0.0223823,0.0398101,0.0687087,0.0486202,0.0337254,0.024365,0.03209,0.0293501
0.0156319,0.0183441,0.0379378,0.0231807,0.021392,0.0373837,0.0576031,0.0555832,0.0335129,0.0303477,0.021172,0.0260364
0.0135566,0.016791,0.0240877,0.0233243,0.0176922,0.0151968,0.0486728,0.0705035,0.0254127,0.0156086,0.0178497,0.018921
0.00765855,0.0160324,0.0307521,0.0211418,0.0134646,0.00990268,0.0522939,0.076531,0.0304697,0.0167781,0.019127,0.0204678
0.0202799,0.0274452,0.039876,0.0192122,0.0199166,0.0222563,0.0619375,0.0717344,0.0265463,0.0114715,0.0150324,0.0229781
0.0657226,0.0511508,0.0537197,0.0555442,0.0351312,0.0393238,0.0565264,0.0577132,0.0504117,0.0396193,0.0382159,0.0671864
0.0392927,0.0376335,0.0727492,0.0450647,0.00772736,0.0281054,0.103992,0.129026,0.0455123,0.0398515,0.0624135,0.11756
0.0364614,0.0274703,0.0424572,0.021188,0.0156818,0.0242972,0.0867874,0.11371,0.0469657,0.0226626,0.0319236,0.0703524
0.0145201,0.0233042,0.0321315,0.0145098,0.00940532,0.0163645,0.0813294,0.0913582,0.0245967,0.0177524,0.0179184,0.0384691
0.0202164,0.0204191,0.027929,0.0132071,0.00560023,0.0182505,0.0726644,0.0982031,0.0329718,0.0109865,0.0207556,0.0427617
0.030264,0.0283387,0.0425537,0.0329365,0.0314453,0.0379184,0.0732685,0.11329,0.0647213,0.0282343,0.0377441,0.0542537
0.0225564,0.0226476,0.0303404,0.0243337,0.0213611,0.0276144,0.101679,0.110722,0.0382068,0.0149851,0.0206709,0.0397192
0.0137506,0.0154411,0.021516,0.0145,0.0131646,0.0199469,0.103357,0.129993,0.0372305,0.0162192,0.0172223,0.0161169
0.0138584,0.015325,0.0265136,0.0208509,0.0240898,0.0414723,0.115849,0.150081,0.0746591,0.0312791,0.0195982,0.0193314
0.02038,0.0277782,0.0353546,0.0163621,0.0134527,0.0197437,0.0769564,0.113386,0.0436543,0.012496,0.0126433,0.0285884
0.0255739,0.0279463,0.0378127,0.021189,0.0220199,0.0315314,0.0691248,0.0896641,0.0408431,0.0165393,0.0214795,0.0323669
0.0861689,0.0532506,0.0393523,0.0506173,0.0474206,0.0832201,0.0958146,0.0680782,0.0594802,0.0468907,0.0224163,0.0509308
0.0646922,0.0374199,0.0343049,0.0479986,0.0548062,0.0705642,0.0399612,0.055305,0.0561206,0.113273,0.0640316,0.0427613
0.0514355,0.0359234,0.0368433,0.0274492,0.0676869,0.0923741,0.054748,0.0231131,0.0273668,0.0483538,0.0322491,0.0357317
0.0393293,0.0131357,0.0151208,0.0162304,0.0548814,0.0836743,0.038845,0.0225797,0.0160435,0.0296368,0.017317,0.0215199
0.0277295,0.015556,0.00667909,0.0136459,0.0551242,0.0708669,0.0329104,0.0218753,0.0135109,0.0194254,0.0152637,0.0178617
0.0388112,0.0381451,0.0427326,0.0594793,0.0728891,0.0744334,0.0686642,0.053128,0.0560038,0.0634531,0.0533298,0.0358664
0.0316531,0.0235185,0.0275241,0.036212,0.0686,0.093028,0.0465676,0.0288358,0.0294715,0.0299951,0.0214618,0.0246916
0.0253676,0.0169456,0.016543,0.0201569,0.0586808,0.0803977,0.0396195,0.0206325,0.0156257,0.0254931,0.0218991,0.0203614
0.0294033,0.0139766,0.00810021,0.00960157,0.0524636,0.0811991,0.0373079,0.0151266,0.0167376,0.0248815,0.0160972,0.0231384
0.0254706,0.0112963,0.0084074,0.0104695,0.0574644,0.0848063,0.0289311,0.0169971,0.0141698,0.0268721,0.0199802,0.017901
0.0388775,0.0261928,0.0214044,0.0299602,0.0692604,0.0955758,0.059114,0.0510888,0.0428667,0.0571107,0.0425221,0.0279034
0.0547735,0.0435135,0.0185497,0.030269,0.0620281,0.0790647,0.0444773,0.0531487,0.0564471,0.102825,0.0855017,0.0527261
0.057216,0.0352585,0.0178629,0.0245371,0.0756975,0.08796,0.0323155,0.0293193,0.0399508,0.0846354,0.0478901,0.0296646
0.0495713,0.0220532,0.00870095,0.0240954,0.0711242,0.0801151,0.0316907,0.0189013,0.0283927,0.0478575,0.0277463,0.027666
0.0501558,0.0248272,0.011393,0.0166806,0.0442906,0.0616881,0.029162,0.0173194,0.0349372,0.057091,0.0362559,0.0252197
0.0326554,0.0247262,0.0180844,0.0175672,0.0649209,0.0932498,0.0498286,0.0261236,0.0233689,0.0543487,0.0341927,0.0160358
0.0491644,0.0304487,0.0320199,0.0508249,0.0521483,0.0624924,0.0541752,0.0585055,0.0442564,0.0448526,0.040255,0.0385587
0.0254984,0.0172742,0.0217351,0.0249752,0.0456357,0.0707624,0.0302135,0.0217998,0.0241843,0.0428271,0.0267708,0.0190628
0.0197271,0.014534,0.0146783,0.0159875,0.0551307,0.0852362,0.0362797,0.0246846,0.0171117,0.0299848,0.0157363,0.0195828
0.0344529,0.0165362,0.0127985,0.0127643,0.0581845,0.107364,0.0469498,0.0255925,0.0277797,0.0272139,0.017286,0.0282903
0.0342246,0.0149548,0.015674,0.0153276,0.0624813,0.111377,0.0502303,0.0218334,0.0164569,0.025061,0.0132089,0.0200467
0.0614785,0.0374036,0.0289493,0.0451423,0.0868788,0.109062,0.0527125,0.0419548,0.0451738,0.0442301,0.0394606,0.0467467
0.0259988,0.0290298,0.0278281,0.0685389,0.13408,0.0857408,0.064482,0.0879413,0.0724449,0.0392388,0.0474734,0.065305
0.0264047,0.0164591,0.0260151,0.0539553,0.101466,0.051708,0.041533,0.0615922,0.0307114,0.0110834,0.0352652,0.062713
0.0161371,0.0200513,0.0233493,0.0335156,0.0668113,0.0408394,0.0177919,0.0224914,0.0219015,0.0155172,0.0173812,0.0303908
0.0141236,0.0142245,0.0239679,0.0544282,0.0774794,0.0389382,0.022878,0.0270523,0.0213041,0.0153801,0.012647,0.0307507
0.0217296,0.0142323,0.017249,0.0483568,0.0948908,0.0522086,0.0164378,0.027817,0.0279523,0.0207334,0.0322359,0.0405488
0.0379741,0.023877,0.0270615,0.0619466,0.0753542,0.0558673,0.0414385,0.0466225,0.0373635,0.0227343,0.0450926,0.0612198
0.0254463,0.0226664,0.0347832,0.0644728,0.0732732,0.0286643,0.0202536,0.0239115,0.0210221,0.0199673,0.0253002,0.0367081
0.0254924,0.012379,0.0199053,0.0636423,0.0815125,0.0333124,0.0277424,0.0221072,0.0196433,0.0146657,0.0307195,0.0459277
0.0141538,0.00908936,0.0113783,0.0511808,0.0786576,0.0326624,0.0204252,0.0213671,0.0131315,0.0175667,0.0436633,0.0475616
0.022192,0.0196796,0.018408,0.0624316,0.0927967,0.032484,0.0164462,0.0231875,0.0174474,0.0179234,0.0265236,0.050967
0.0495564,0.0372151,0.0480573,0.0735219,0.126019,0.0700756,0.0545334,0.100901,0.087238,0.0536548,0.0437546,0.0588825
0.0501155,0.0395059,0.0462501,0.0912644,0.147718,0.0675398,0.0464786,0.0934105,0.0648163,0.0390954,0.051343,0.0949501
0.0358078,0.0226551,0.0166337,0.075159,0.126784,0.0578657,0.0284857,0.0467797,0.0266767,0.0153938,0.0404646,0.068011
0.0164121,0.0112716,0.0218266,0.0669099,0.0964997,0.0400826,0.0194547,0.0376039,0.0241746,0.0122836,0.0191022,0.0388005
0.0256047,0.0128984,0.0200204,0.0742759,0.12535,0.0587918,0.0230366,0.0365324,0.0302394,0.0135152,0.0231211,0.0452346
0.0203985,0.0243355,0.0313946,0.0627552,0.117515,0.0707177,0.0487984,0.0698777,0.0480758,0.0217581,0.0372692,0.0396704
0.0341582,0.0198415,0.0261623,0.0812026,0.0952598,0.0231966,0.0283379,0.0385941,0.0417289,0.0311239,0.0436694,0.0559385
0.0202304,0.0150627,0.0303662,0.0843016,0.115771,0.0572709,0.027032,0.0266716,0.0203771,0.0246568,0.0296504,0.0472553
0.0334442,0.014162,0.0276609,0.0581272,0.0864981,0.0387509,0.0357183,0.0408023,0.0356939,0.0221006,0.0315594,0.0582531
0.0276796,0.0212794,0.0268245,0.0515907,0.0984063,0.0503731,0.0215327,0.0286677,0.0233272,0.0188116,0.0481965,0.0594141
0.0242852,0.0199008,0.0378776,0.0577094,0.0856942,0.0455732,0.029834,0.039691,0.0242395,0.0232573,0.0392062,0.0459781
0.0458773,0.0570426,0.105685,0.0787369,0.0705622,0.079218,0.0768623,0.0484771,0.0720747,0.0795004,0.058583,0.0525749
0.0359141,0.096606,0.148074,0.0602383,0.0306929,0.0432252,0.0573905,0.0428734,0.0657516,0.0951265,0.041021,0.0412852
0.0371053,0.0860192,0.0921255,0.0311485,0.023968,0.0535444,0.0553257,0.0330056,0.0349609,0.0705881,0.040339,0.0245948
0.0236239,0.0613985,0.0862494,0.0344971,0.0112951,0.0296418,0.0270219,0.02271,0.0394432,0.066526,0.0383563,0.0230306
0.0231625,0.0685537,0.0961751,0.0494342,0.0174621,0.0281646,0.0259103,0.0159777,0.0325269,0.062026,0.0355484,0.0232314
0.0428048,0.0793579,0.0658365,0.0508839,0.038625,0.0374535,0.050811,0.043888,0.0630309,0.082562,0.0522646,0.0305985
0.0231922,0.056899,0.0775743,0.0438304,0.0338316,0.0194113,0.017591,0.0270442,0.0374989,0.0420477,0.0239466,0.0217181
0.0220259,0.0684951,0.0916029,0.0338642,0.02033,0.0230696,0.0260044,0.0229975,0.0270119,0.0428034,0.021121,0.0200053
0.0115729,0.0565528,0.0863269,0.0363282,0.0161092,0.018823,0.0258258,0.0245061,0.0389118,0.0598251,0.0321586,0.0135528
0.0177567,0.0571827,0.0785066,0.0358188,0.0268285,0.0232437,0.0208939,0.0242533,0.0337784,0.0518118,0.0257501,0.00832044
0.0294911,0.0659407,0.0897038,0.0439186,0.0462001,0.0320902,0.0279014,0.0449239,0.0670454,0.0702179,0.0277649,0.0235703
0.0284071,0.0695831,0.131559,0.0836865,0.0355024,0.0647025,0.0560682,0.0370351,0.0718768,0.0913135,0.0318703,0.0308366
0.0322635,0.083318,0.104474,0.0377271,0.0642457,0.0767921,0.0515327,0.0212437,0.0375804,0.093971,0.0508436,0.0228974
0.0124954,0.0647731,0.0738042,0.0483067,0.0678335,0.0561987,0.0302067,0.019215,0.0416444,0.0657684,0.0303376,0.0160152
0.0233971,0.091748,0.128795,0.0424348,0.0331824,0.0353565,0.0260066,0.0116245,0.0225057,0.0398329,0.0248151,0.0179445
0.0235242,0.087995,0.135467,0.0546909,0.0428508,0.0358031,0.0302151,0.0180732,0.0212863,0.0352016,0.0202538,0.0159755
0.0361245,0.096892,0.130787,0.0551182,0.0314232,0.0473335,0.0558673,0.0411058,0.0399416,0.0459731,0.0434505,0.0333098
0.0487963,0.0830492,0.116912,0.042656,0.0258941,0.0448946,0.0419883,0.0123479,0.0252902,0.0382765,0.0263861,0.0298572
0.0439628,0.0816021,0.11572,0.0454289,0.0140532,0.0270706,0.0405603,0.0167965,0.0113004,0.0314837,0.0241613,0.0311645
0.0327525,0.0831363,0.123001,0.0494444,0.0144304,0.0281622,0.0528823,0.023746,0.028467,0.0447999,0.0219847,0.025376
0.0270284,0.0844093,0.129069,0.0526964,0.0165124,0.0283172,0.0582838,0.0611508,0.0264444,0.0489201,0.0271103,0.0171296
0.0452059,0.0556174,0.0996199,0.0542605,0.0390883,0.0437435,0.0546689,0.0675765,0.0548855,0.0603657,0.0327576,0.0283374
0.0965655,0.0755422,0.0574297,0.0438799,0.0487024,0.0474899,0.0449735,0.0454447,0.0455359,0.0522248,0.0271146,0.0636778
0.097096,0.0307321,0.0248891,0.0330649,0.0469781,0.0338609,0.0487274,0.0609484,0.0462249,0.0262779,0.0201076,0.0691511
0.0895586,0.038515,0.0141539,0.0216639,0.0365848,0.0296338,0.0382779,0.051534,0.0221358,0.0210287,0.0268362,0.0567738
0.0751766,0.0198969,0.0105899,0.0164515,0.0270406,0.0181763,0.0188762,0.0423259,0.0313017,0.0217356,0.0129455,0.045395
0.0680208,0.0312369,0.0193352,0.0166305,0.0209445,0.014705,0.0259251,0.0319909,0.0173527,0.0224744,0.0117807,0.0460832
0.0801864,0.0338769,0.0377061,0.0536544,0.0767842,0.0709398,0.0658892,0.0878317,0.0647912,0.0328532,0.0583789,0.077046
0.0693,0.0364536,0.0307838,0.0483207,0.10337,0.0532781,0.0501214,0.0879631,0.054518,0.0276825,0.0178861,0.0628368
0.0649518,0.0292362,0.0145544,0.0254313,0.0559994,0.026736,0.0411367,0.0506094,0.0260386,0.00884574,0.00881324,0.0446485
0.0587691,0.0258193,0.010403,0.0148281,0.0267554,0.0155402,0.0177124,0.0237124,0.0188704,0.0126798,0.0124737,0.0388833
0.0662568,0.0347425,0.0232583,0.0206209,0.0256577,0.0172696,0.0245565,0.0263661,0.0187205,0.0156381,0.012176,0.0419078
0.0575252,0.0497051,0.0584346,0.0599185,0.0498579,0.0539241,0.0720865,0.0867929,0.0657573,0.0553894,0.0362906,0.0289039
0.0661991,0.0554506,0.0488269,0.0613546,0.0881553,0.0545784,0.0478198,0.0652072,0.0339573,0.0215586,0.0260625,0.060843
0.0339007,0.0175062,0.0149454,0.0447553,0.084757,0.0419547,0.0285165,0.0498844,0.0216464,0.00551485,0.00906809,0.0281574
0.0285373,0.0254459,0.0437079,0.0388127,0.0584985,0.0827703,0.0542351,0.0260606,0.0154835,0.0179423,0.0214359,0.0265624
0.0169546,0.0159966,0.0431194,0.0312154,0.0259998,0.0371045,0.0193253,0.0164057,0.0136546,0.0140594,0.011307,0.0162127
0.0255748,0.0188322,0.0287689,0.0214458,0.0340478,0.0484811,0.0425461,0.0394533,0.0249841,0.0304559,0.022803,0.0278706
0.0695441,0.0369456,0.0265542,0.0497868,0.101785,0.0581062,0.0446132,0.0600559,0.0403497,0.0166201,0.0359214,0.0747434
0.0558688,0.0188405,0.0119812,0.0258573,0.0503299,0.0306179,0.0254581,0.0306337,0.0136911,0.0133934,0.0179059,0.03931
0.0354261,0.0192785,0.0210961,0.0322713,0.0681469,0.0693277,0.0381411,0.0333946,0.0459785,0.0586274,0.0346748,0.0255166
0.031542,0.0183482,0.0115627,0.0163381,0.0622162,0.0890009,0.042903,0.0203148,0.0298231,0.0490358,0.034277,0.0222246
0.0313615,0.0195684,0.0205653,0.0220561,0.0559283,0.073409,0.044696,0.0230935,0.0345147,0.0595661,0.0348629,0.0241459
0.0294584,0.0396464,0.0303922,0.0520413,0.0827409,0.0643033,0.0552251,0.0492351,0.0404652,0.0670217,0.0431725,0.0352547
0.0660644,0.0363835,0.0205862,0.0375263,0.122087,0.13675,0.0437955,0.0109821,0.0222784,0.0273762,0.0176157,0.0439615
0.049785,0.0210356,0.0115567,0.0199446,0.0907144,0.115657,0.035246,0.0196858,0.0301237,0.0338035,0.0201969,0.033504
0.0607982,0.0322746,0.0175472,0.0205766,0.0497477,0.0748752,0.0422508,0.0304096,0.0244679,0.0320518,0.0288474,0.0471535
0.0363788,0.022841,0.0102427,0.0167776,0.0476309,0.0614316,0.0249815,0.0103926,0.0143269,0.0181156,0.00994688,0.0281337
0.0673819,0.0429667,0.0397944,0.0431235,0.0653231,0.0831062,0.0778085,0.0666946,0.0573981,0.0485953,0.0600874,0.0768621
0.0782428,0.0459773,0.0257506,0.03705,0.0946325,0.118757,0.0711744,0.0216141,0.054219,0.125377,0.0655353,0.0490508
0.0467154,0.0231203,0.0181414,0.0328491,0.105872,0.14467,0.0621992,0.0206624,0.0387524,0.0945358,0.0627184,0.0270283
0.0376183,0.0143536,0.0102398,0.0192183,0.0859211,0.134001,0.0630539,0.0230162,0.030914,0.0499798,0.0313049,0.0286599
0.0413634,0.0229747,0.00878018,0.0112951,0.0542295,0.0802034,0.0243381,0.0178734,0.0244581,0.0431458,0.0338248,0.0272066
0.0538765,0.0433228,0.0313863,0.0348064,0.0782601,0.0909923,0.0278126,0.0384062,0.0276695,0.0288419,0.0345376,0.0312046
0.0783579,0.0503722,0.0374567,0.0538962,0.0869201,0.125998,0.0771329,0.0483454,0.0577298,0.0551632,0.032462,0.0511135
0.0245283,0.019513,0.0186188,0.00890557,0.0600858,0.0947051,0.0329525,0.0180056,0.0244472,0.043498,0.0214057,0.0160652
0.0225536,0.0149212,0.0112169,0.0177012,0.034542,0.0609838,0.0277245,0.0177047,0.0217906,0.0337271,0.0132324,0.014737
0.0111358,0.0150293,0.0278952,0.0591376,0.121634,0.0747567,0.0522754,0.0719232,0.0369566,0.0262906,0.01742,0.0150016
0.00981229,0.00912912,0.0143781,0.0322842,0.082018,0.0426903,0.0361004,0.0600494,0.0341637,0.0193859,0.0111054,0.0102033
0.0291825,0.0295564,0.0599075,0.0774135,0.067738,0.0752993,0.103244,0.0817216,0.0596472,0.085331,0.0524522,0.0385395
0.0606878,0.0236346,0.0295557,0.0258381,0.0509737,0.0981048,0.0579136,0.0175754,0.0357795,0.0550252,0.0310254,0.0384273
0.0291703,0.0216625,0.0241256,0.017818,0.0533019,0.093509,0.0485413,0.0167091,0.0122883,0.0341859,0.0242764,0.014848
0.026205,0.0178856,0.0279774,0.0314771,0.0335631,0.0565564,0.0321484,0.0398852,0.0626441,0.0645611,0.0303834,0.0432295
0.0124933,0.0125788,0.0242311,0.0409095,0.049919,0.0408571,0.0231759,0.041055,0.0547816,0.037069,0.0334564,0.03662
0.0553482,0.0345211,0.0410335,0.049097,0.0407161,0.0521592,0.0443632,0.0547112,0.0593219,0.0575449,0.0358736,0.0630397
0.0492542,0.0489265,0.0609896,0.0898015,0.0792672,0.0529991,0.0384035,0.0353559,0.0582286,0.0468832,0.0886679,0.112153
0.0265243,0.019883,0.0323786,0.10647,0.147957,0.0750076,0.0306584,0.0330705,0.0333496,0.0240321,0.0474323,0.0605191
0.0283652,0.0210617,0.0291508,0.0956771,0.119538,0.0442591,0.0249463,0.0288108,0.0337245,0.0228699,0.033559,0.0428602
0.0249203,0.0146464,0.0239055,0.0813868,0.0996677,0.037807,0.0113459,0.0189264,0.0270974,0.0192392,0.0321508,0.0424341
0.0241684,0.0179549,0.0279277,0.0753804,0.0899964,0.0290611,0.0162778,0.0229972,0.0251101,0.0202272,0.035721,0.039298
0.0386181,0.0350331,0.0477256,0.10441,0.0937809,0.061182,0.0531157,0.0915564,0.114282,0.0719513,0.0522111,0.0665454
0.0372639,0.0198334,0.0238183,0.0831215,0.0970119,0.0458053,0.0344181,0.060106,0.0906421,0.0533582,0.0504061,0.0805556
0.028342,0.018191,0.0174376,0.0774483,0.0966947,0.0406122,0.0228299,0.0438386,0.0543067,0.0284196,0.0360309,0.0532435
0.0267237,0.0129179,0.0171327,0.0659324,0.0856919,0.0320518,0.0141283,0.0267673,0.0392577,0.0232984,0.0248224,0.0387807
0.0310976,0.0192046,0.0124562,0.0654435,0.101483,0.0377243,0.0103303,0.0269867,0.0373338,0.0169654,0.0259287,0.0405659
0.0538744,0.0428774,0.0564002,0.0794525,0.0953712,0.0605438,0.0446259,0.059136,0.0578529,0.0360355,0.0462012,0.0589764
0.0309397,0.0279109,0.0430322,0.0900652,0.0841264,0.0427419,0.0293916,0.0345185,0.0565878,0.0405627,0.0240826,0.0374868
0.0197228,0.0172337,0.0243853,0.0419279,0.0489227,0.0262914,0.0191324,0.013457,0.0171626,0.00898329,0.0199918,0.0301382
0.0362408,0.0276401,0.0107094,0.026029,0.032851,0.0157449,0.0115582,0.0182553,0.02719,0.0172297,0.0174084,0.0211451
0.0419956,0.014891,0.0135589,0.0273081,0.0492416,0.031754,0.0141639,0.0257719,0.0285906,0.0545218,0.0329937,0.040833
0.0327532,0.0235159,0.0181796,0.0238266,0.0491463,0.0447229,0.0375353,0.0414041,0.0359098,0.0491683,0.0303105,0.0383012
0.0354468,0.0327424,0.0415467,0.0468842,0.0672789,0.0594977,0.0501212,0.0649292,0.075794,0.0453298,0.0394486,0.0573856
0.0266141,0.0178423,0.027477,0.0495246,0.0781822,0.0474841,0.0269861,0.0215201,0.0243241,0.0227454,0.0265401,0.0402983
0.0308487,0.0269297,0.0179699,0.0493475,0.0893256,0.0736734,0.032844,0.0344199,0.0468069,0.0405539,0.0277566,0.0271583
0.0644789,0.0268107,0.0215474,0.0459118,0.0769899,0.0472023,0.014353,0.0284309,0.0483572,0.0749103,0.0422807,0.0367965
0.0551131,0.0368328,0.0224478,0.0453688,0.0849858,0.044541,0.0249372,0.0279784,0.0427242,0.07769,0.0483345,0.0346624
0.0627555,0.0453097,0.0491146,0.0635757,0.0711727,0.050512,0.0448441,0.0398426,0.0376212,0.062116,0.0345044,0.0375404
0.032463,0.0286013,0.0331097,0.0728603,0.112483,0.0611055,0.032698,0.0241688,0.0372951,0.0526156,0.0280582,0.0259228
0.0241639,0.0307541,0.0218065,0.0517673,0.0887509,0.0322758,0.0256234,0.0197492,0.0471958,0.0815377,0.0425656,0.0220792
0.0261137,0.0154544,0.0138381,0.0352481,0.0595545,0.0230575,0.0392139,0.0450408,0.0722776,0.0825369,0.0312596,0.0174228
0.0211764,0.0210076,0.0156646,0.0382679,0.0602014,0.0275861,0.0118433,0.0213761,0.0580517,0.0844194,0.0332634,0.017514
0.0450842,0.0448192,0.0342992,0.0526477,0.0728382,0.0552742,0.0515196,0.0601967,0.0715451,0.0596555,0.0345278,0.042032
0.0760327,0.0541642,0.0308311,0.0509137,0.0847034,0.0420077,0.0411608,0.042863,0.0980796,0.135456,0.0742429,0.0460406
0.0463995,0.0263809,0.008067,0.0611429,0.115113,0.0544396,0.0230614,0.0319072,0.0848707,0.138873,0.0591814,0.0353609
0.0219741,0.0196367,0.0155673,0.0473516,0.0856854,0.0406854,0.0276337,0.0281052,0.0782649,0.120548,0.046615,0.0253757
0.0336383,0.0203874,0.0159966,0.0266114,0.0503471,0.0336289,0.0301423,0.0263323,0.0576243,0.0840236,0.0273933,0.0229639
0.0355776,0.0314524,0.0214122,0.0386767,0.0546564,0.037188,0.0297922,0.0411598,0.068289,0.0892562,0.0243795,0.0368515
0.070923,0.0499673,0.0383618,0.0431282,0.0430437,0.0415566,0.0709134,0.0797419,0.0668145,0.0900311,0.0539258,0.0559174
0.0636821,0.0471398,0.0502407,0.0371925,0.0595405,0.0334838,0.070267,0.0937538,0.054084,0.0785462,0.0519353,0.0551315
0.0322846,0.0416309,0.0374833,0.0272841,0.0417812,0.0357318,0.0762254,0.0893699,0.0501891,0.060719,0.0239794,0.0189519
0.0198868,0.0338043,0.055526,0.0366131,0.0346907,0.0287836,0.0784683,0.0811113,0.0346392,0.039457,0.0223416,0.0133485
0.0266774,0.0376755,0.0556449,0.0381053,0.0218174,0.0353121,0.0735965,0.0757307,0.0334747,0.0196785,0.0192442,0.0350212
0.0232499,0.0395797,0.0786064,0.0816977,0.091813,0.0849869,0.109173,0.102021,0.0746119,0.0595654,0.0436356,0.0295316
0.0434013,0.0676643,0.114835,0.0817773,0.0601269,0.0391879,0.0771001,0.0872556,0.0320306,0.04092,0.029186,0.0400723
0.0339012,0.042421,0.0668542,0.0266552,0.0354031,0.0350969,0.0453964,0.0431702,0.0238558,0.0322208,0.0294688,0.044889
0.055198,0.0590126,0.0817007,0.0525174,0.042176,0.0337249,0.0517469,0.0431737,0.0277474,0.0238033,0.030366,0.0409594
0.0553765,0.0527842,0.0535442,0.0337792,0.0488647,0.0757187,0.0461996,0.0336612,0.0399728,0.0372528,0.0256589,0.0270008
0.0459444,0.0633239,0.0785951,0.050253,0.060926,0.0646541,0.0507427,0.0329263,0.0343728,0.053907,0.041083,0.0492752
0.0628466,0.0394019,0.0427859,0.0551364,0.0849977,0.069583,0.0579395,0.0545044,0.0384745,0.048582,0.0325943,0.0550489
0.0731234,0.039398,0.0297216,0.0341079,0.0678309,0.0954359,0.045371,0.0185129,0.0233576,0.04157,0.0293372,0.0504321
0.0599245,0.0256065,0.0242145,0.0304517,0.0711813,0.0928987,0.042806,0.0276394,0.0300546,0.0239608,0.0169152,0.0430512
0.0464725,0.0170504,0.0133108,0.0127703,0.0537212,0.0757765,0.03695,0.0216684,0.0196017,0.0253138,0.0165249,0.035858
0.0425129,0.016322,0.00848547,0.0213837,0.0557768,0.0717798,0.0311022,0.0143388,0.0316327,0.0363402,0.0228452,0.0350964
0.069649,0.0236217,0.0395123,0.0698788,0.0883654,0.0915303,0.0779508,0.0526171,0.0460706,0.0556085,0.0367292,0.0510825
0.0674275,0.0408374,0.0209059,0.0301308,0.112099,0.145567,0.0588887,0.0412042,0.0480481,0.0796662,0.0432307,0.0415652
0.0605812,0.0322441,0.0109256,0.0221471,0.0940054,0.142117,0.0710697,0.0221374,0.0346764,0.068648,0.0442582,0.0316573
0.0402026,0.0233135,0.00848575,0.0161288,0.0762629,0.101908,0.0410888,0.0114671,0.0208181,0.0205993,0.0111292,0.0259039
0.0378807,0.0271499,0.0177088,0.0136787,0.0732911,0.0897764,0.0215735,0.018774,0.0215522,0.035421,0.0194868,0.0260907
0.0754126,0.0510118,0.0532774,0.0694527,0.086373,0.0850287,0.0437943,0.0466721,0.0689574,0.0768133,0.0515801,0.0563488
0.083994,0.0589556,0.0300531,0.0337082,0.0886033,0.132135,0.0552413,0.0293898,0.0478038,0.0722694,0.0311226,0.0427708
0.0441,0.0239931,0.00849109,0.00878174,0.045141,0.0725143,0.0293452,0.00495269,0.0403857,0.0674732,0.0260247,0.0221169
0.0290253,0.013118,0.0144767,0.0175241,0.0420899,0.0530908,0.0216753,0.0219714,0.0392254,0.0480689,0.0271851,0.0390023
0.0244213,0.0115894,0.0188272,0.0177067,0.0343876,0.0452557,0.040664,0.0450227,0.0237812,0.0228527,0.0279663,0.0409465
0.0343571,0.0225133,0.026462,0.0250595,0.03284,0.0338704,0.0292139,0.0301393,0.0244749,0.033286,0.0220056,0.0321312
0.0888096,0.0486786,0.0225566,0.0391852,0.0571081,0.0825835,0.0792258,0.0489397,0.0585856,0.10613,0.0559228,0.0555998
0.054107,0.0297878,0.0230872,0.0323606,0.0760259,0.0792417,0.0388993,0.028668,0.0518185,0.100093,0.058833,0.0243403
0.038462,0.0180417,0.0152726,0.0259822,0.0651694,0.0788251,0.0265574,0.0237964,0.0675374,0.115139,0.0505774,0.0293953
0.0450612,0.0354905,0.0342803,0.0187364,0.0344869,0.0562406,0.0626337,0.0940375,0.0445039,0.0552461,0.0447948,0.0609107
0.0292522,0.0379572,0.0522008,0.0258245,0.0502583,0.0505694,0.0683916,0.108263,0.0504817,0.0380762,0.0333929,0.038787
0.0413435,0.0556177,0.0805575,0.0678568,0.0767105,0.0921749,0.101464,0.0683724,0.0184421,0.0463863,0.0477266,0.0373833
0.0187781,0.0525921,0.0730651,0.0333388,0.0397283,0.0430691,0.101267,0.127875,0.0511589,0.0176757,0.0159442,0.0227114
0.0289291,0.0423217,0.0459925,0.0132337,0.028491,0.0239246,0.0731834,0.114833,0.0517401,0.0184542,0.0229565,0.0283193
0.0201709,0.0327122,0.0455519,0.0319226,0.0214743,0.0339661,0.0876482,0.113,0.0454874,0.0210191,0.018393,0.0264642
0.0182888,0.0292561,0.0343681,0.0168895,0.0131606,0.0157564,0.075709,0.0975254,0.0303606,0.0157143,0.0198353,0.0276656
0.0335319,0.0402052,0.0459508,0.0375002,0.0363452,0.0463238,0.0833121,0.0813893,0.0560063,0.0371457,0.0329777,0.0449674
0.0282922,0.0537745,0.0773533,0.0432794,0.0282625,0.0607116,0.101741,0.125162,0.0690366,0.0428998,0.0645927,0.0661928
0.0243529,0.0702356,0.106268,0.0401391,0.0154233,0.0228241,0.0777458,0.0848877,0.0311901,0.025112,0.0625764,0.0785992
0.0165631,0.0351729,0.0658014,0.0345407,0.0163457,0.0230825,0.0750696,0.0949691,0.0441254,0.0306004,0.023301,0.0350028
0.0188686,0.0345611,0.0587925,0.0300078,0.00937678,0.0194508,0.066378,0.0977148,0.0424866,0.0165864,0.0184095,0.0303131
0.0257655,0.041794,0.063197,0.0391341,0.0201461,0.0180643,0.0642819,0.0885646,0.0396748,0.0174066,0.0209874,0.0235846
0.0442117,0.0574183,0.0819241,0.0569563,0.0433211,0.0386579,0.0634775,0.104212,0.0585871,0.0422322,0.0539154,0.0683532
0.0284545,0.0366699,0.0412398,0.0145468,0.0187786,0.029872,0.0841536,0.125854,0.0702954,0.0303257,0.0224115,0.0499901
0.025666,0.0249559,0.0324976,0.0158517,0.01147,0.0126693,0.0539776,0.0778393,0.0390408,0.0197758,0.0226965,0.0433734
0.0526095,0.0278875,0.0120245,0.016835,0.0352052,0.0215895,0.0371481,0.0679983,0.0357361,0.0490721,0.0333639,0.0463631
0.0194157,0.0122858,0.0134563,0.012151,0.0153378,0.00843388,0.0219414,0.0391231,0.0268361,0.0260484,0.0183597,0.0270947
0.0461599,0.025449,0.0390108,0.0497725,0.0550332,0.0636424,0.0726664,0.0697805,0.0663784,0.0659734,0.0408918,0.0703443
0.0291552,0.0252057,0.0395518,0.0309799,0.0264527,0.0335602,0.0661684,0.0893077,0.0447201,0.0247481,0.0368876,0.0509472
0.0183348,0.0203429,0.0340619,0.0215162,0.0151537,0.014977,0.0631494,0.0925583,0.0400928,0.024582,0.0270785,0.0350223
0.0139079,0.0133697,0.0364203,0.0378347,0.0315292,0.0227387,0.0614356,0.105359,0.0485474,0.0160288,0.016347,0.0320319
0.0197516,0.0269612,0.0378574,0.0461348,0.0691753,0.0328137,0.0466779,0.0815783,0.0380983,0.0179316,0.0228797,0.0344584
0.039384,0.038375,0.0572477,0.0486985,0.0774172,0.0462817,0.0493865,0.0757395,0.047625,0.035312,0.040393,0.0472264
0.0493817,0.0514604,0.0585837,0.0853872,0.113054,0.0668181,0.0366824,0.0551934,0.0476702,0.0539791,0.0893131,0.0955234
0.0357706,0.0345044,0.0413032,0.10543,0.143816,0.0642105,0.0285676,0.0319963,0.0295866,0.0293237,0.0500401,0.052381
0.0307095,0.0241062,0.0283626,0.0898477,0.119022,0.0492194,0.0261356,0.0320439,0.0246773,0.0212276,0.0382648,0.0479437
0.0200999,0.00740392,0.0238092,0.0707209,0.0895034,0.0352944,0.0124155,0.0218811,0.0221732,0.00968772,0.0375539,0.0554776
0.0170403,0.0106249,0.0237549,0.0681266,0.0869192,0.0344739,0.0178628,0.0230418,0.0148179,0.0127279,0.036065,0.0427274
0.0458593,0.0381549,0.0360135,0.0710343,0.106171,0.0753773,0.0568037,0.0969542,0.0684444,0.0357142,0.0472818,0.064073
0.0422019,0.030522,0.0466959,0.108627,0.157746,0.0680349,0.028795,0.0483081,0.0221577,0.0129842,0.0596944,0.0937241
0.0354257,0.0175352,0.0187876,0.0830427,0.130457,0.0599569,0.0502362,0.0449106,0.0158994,0.0184439,0.0385328,0.0715446
0.0204411,0.00878416,0.0145123,0.0530204,0.0944882,0.0463041,0.0216148,0.0328702,0.0188603,0.0107099,0.0390881,0.0522167
0.0315064,0.0149742,0.0234587,0.0756045,0.102741,0.0450198,0.0195121,0.0317755,0.0154937,0.0200331,0.0444754,0.062441
0.0521981,0.0385514,0.0564833,0.0813358,0.0980869,0.0643774,0.0560823,0.061258,0.0517873,0.0430011,0.0566225,0.0828399
0.0432312,0.0309513,0.0452267,0.0768986,0.0761988,0.0458987,0.0322098,0.0523398,0.0332214,0.021764,0.0431536,0.0688279
0.023275,0.0166519,0.0218016,0.0635168,0.0874141,0.0411727,0.0247064,0.0270981,0.0144649,0.0138533,0.0274497,0.0438312
0.0143271,0.0121681,0.0127981,0.041115,0.0586988,0.0211389,0.0170801,0.0248009,0.0322648,0.0372657,0.0294196,0.0380126
0.0404322,0.0181968,0.0103428,0.0360527,0.0462635,0.0318683,0.0230693,0.0223882,0.0214317,0.036324,0.0307866,0.055562
0.0318394,0.0194254,0.015349,0.0267151,0.0495415,0.0440167,0.0221769,0.0385169,0.0175219,0.0330255,0.0221339,0.0532374
0.0317769,0.0357363,0.047643,0.0360328,0.0607445,0.047238,0.0686244,0.112611,0.0772869,0.0424604,0.0385203,0.0620738
0.0301654,0.0210191,0.0397225,0.0577826,0.0825818,0.0524286,0.0570787,0.0819664,0.0485198,0.0215792,0.0357295,0.0593784
0.0366517,0.0267391,0.0339194,0.0596244,0.0815892,0.02887,0.026015,0.0528242,0.0272903,0.0172961,0.0401273,0.0679151
0.111665,0.0530927,0.0113092,0.0464986,0.0725982,0.0211096,0.0305846,0.0504833,0.0522916,0.0534057,0.0400721,0.0851869
0.0651225,0.0349134,0.0189042,0.0536559,0.100616,0.0543838,0.026997,0.025953,0.040094,0.0670487,0.0395537,0.0416992
0.0483705,0.0389013,0.0526833,0.0740295,0.072566,0.0604712,0.0470767,0.0591928,0.0583611,0.0775352,0.0522778,0.0353715
0.0396632,0.0318889,0.0246991,0.0748182,0.106368,0.0568556,0.0344901,0.0127172,0.054891,0.0964525,0.0468198,0.0292812
0.0450108,0.0315517,0.0201992,0.0542468,0.0850598,0.0354507,0.0219935,0.0181681,0.0592638,0.0945959,0.0507309,0.0358974
0.0232131,0.0137637,0.0175123,0.0436276,0.0638931,0.0243594,0.0392499,0.0478349,0.0874075,0.0991656,0.0333476,0.014877
0.0238357,0.017572,0.0145411,0.0399917,0.0613479,0.0288825,0.0244973,0.0318038,0.0710012,0.103648,0.0418851,0.0174096
0.0358102,0.0282739,0.0307243,0.0359796,0.0638786,0.0380597,0.0407457,0.0455011,0.0872855,0.0727527,0.0293349,0.0350897
0.103837,0.0523681,0.0199609,0.0593387,0.0904956,0.052165,0.047229,0.0527422,0.0793139,0.115253,0.0642018,0.0624423
0.0699384,0.0363173,0.0158098,0.049973,0.0849459,0.0471241,0.0254816,0.041038,0.0984376,0.14907,0.0663318,0.030466
0.046469,0.0311334,0.0114023,0.0372928,0.0611708,0.031321,0.0253185,0.024363,0.0852665,0.142836,0.0600243,0.0282146
0.027065,0.0169426,0.011449,0.0260629,0.0602453,0.0224968,0.0252065,0.0303357,0.0790343,0.123762,0.0554245,0.025239
0.0313656,0.0222709,0.0214698,0.0504499,0.0671001,0.0333519,0.0348819,0.0449067,0.091254,0.129438,0.0465415,0.0245363
0.0587072,0.0368619,0.0432675,0.0575239,0.0529818,0.0497922,0.0635263,0.0693241,0.0689193,0.0848213,0.0470303,0.0461021
0.0425255,0.0337518,0.0616048,0.0381207,0.0476311,0.0337337,0.064679,0.0843038,0.0699574,0.0927679,0.0446903,0.0334792
0.0297334,0.0252984,0.0293631,0.0277495,0.0474195,0.0285404,0.0565972,0.0685528,0.0642215,0.122712,0.0541998,0.0149035
0.0465671,0.0411756,0.0721687,0.0410047,0.0273108,0.0146783,0.0492158,0.0702666,0.0607251,0.0829404,0.0552627,0.0642254
0.0355116,0.0387097,0.0544759,0.0331771,0.0205587,0.0257722,0.0539213,0.0508752,0.0289086,0.0483651,0.0344297,0.0405794
0.0446143,0.0476049,0.0746974,0.0516924,0.0484629,0.0715278,0.0945518,0.102335,0.0716811,0.0832924,0.0704917,0.0447793
0.0679051,0.0694139,0.0557724,0.0447025,0.0502059,0.0251579,0.0492982,0.0812169,0.0324507,0.0509647,0.0758492,0.0961978
0.0414405,0.045052,0.0788005,0.0410558,0.0402896,0.0246656,0.0348293,0.0459602,0.0285232,0.035646,0.0569488,0.0659434
0.0398503,0.0431017,0.0711171,0.0391666,0.0313721,0.0148333,0.0332799,0.037264,0.0426175,0.0577221,0.0345584,0.0445734
0.0416626,0.0353611,0.051835,0.0280938,0.0521399,0.0789097,0.0462583,0.0424904,0.0513901,0.0891762,0.0338527,0.0332132
0.0336332,0.0530037,0.0727761,0.0472749,0.0473861,0.0701788,0.060403,0.0589547,0.0432522,0.0585583,0.0335711,0.0295086
0.0443582,0.061823,0.0804856,0.064641,0.0898796,0.0791797,0.0719944,0.0477245,0.0446248,0.0505605,0.0409058,0.0406096
0.0533843,0.033719,0.0194845,0.0309155,0.0780576,0.101954,0.0623769,0.0272877,0.015517,0.0261094,0.0211074,0.0437556
0.0393709,0.0122343,0.0198149,0.0272736,0.05262,0.0505235,0.0411158,0.042731,0.0331402,0.0208829,0.0132306,0.0333949
0.0389599,0.0179844,0.0150877,0.0236709,0.0593042,0.0658596,0.040067,0.0303909,0.0271925,0.0272532,0.0198633,0.0318512
0.0314999,0.0137838,0.0109001,0.0147896,0.0573372,0.0736956,0.0235463,0.0181931,0.0235074,0.0167619,0.0129757,0.023056
0.0513612,0.0482486,0.0383873,0.0627166,0.137285,0.100021,0.0732231,0.0580476,0.0422286,0.0691517,0.0497331,0.0438139
0.0801631,0.0357449,0.0279032,0.0379708,0.114713,0.137405,0.0499852,0.0300703,0.0702169,0.10536,0.053102,0.0486089
0.0649974,0.0358688,0.0101555,0.0336364,0.123297,0.144122,0.0527917,0.0183199,0.0438274,0.070117,0.0463411,0.0478742
0.0416692,0.0267207,0.0127891,0.0278233,0.090882,0.114409,0.0402241,0.0159269,0.0228183,0.0311355,0.0187261,0.0313556
0.0384823,0.0284464,0.0151842,0.0188982,0.0720139,0.0912972,0.0346204,0.0129209,0.0218506,0.0404111,0.0197468,0.0251992
0.0607002,0.0432968,0.0366966,0.039886,0.0756272,0.0789978,0.0394102,0.0436982,0.0520871,0.0469285,0.0265963,0.0380102
0.0713832,0.0581835,0.0348069,0.0308849,0.078931,0.133037,0.0698557,0.0193253,0.0621299,0.0722856,0.0361526,0.0443308
0.0444681,0.0299756,0.0130397,0.0153911,0.0644793,0.0974437,0.0401724,0.00658441,0.0275646,0.0396736,0.015472,0.0323076
0.0322372,0.0113819,0.00986511,0.0120251,0.0367244,0.0491345,0.0144462,0.0113693,0.024733,0.0363905,0.0221136,0.0399955
0.0112892,0.0192625,0.0318684,0.0198998,0.026844,0.0545977,0.0424259,0.0661036,0.0397697,0.0175985,0.0490134,0.0461643
0.0293841,0.00679037,0.00924692,0.0120701,0.0387367,0.0369208,0.015342,0.0208009,0.0294708,0.0361093,0.0239605,0.0391593
0.0749142,0.0447623,0.0301651,0.0400401,0.0653565,0.104267,0.108383,0.0781382,0.0488895,0.0489264,0.0420301,0.0373045
0.0603933,0.0299332,0.0157478,0.0220108,0.0621191,0.0681182,0.0260076,0.030992,0.0486783,0.0950221,0.0506502,0.033003
0.0524224,0.0258328,0.0195116,0.0200828,0.0455433,0.0584947,0.0247346,0.02248,0.0482577,0.0902674,0.0491448,0.0297712
0.0395522,0.0183579,0.0103674,0.0165588,0.0301503,0.0429828,0.0211761,0.0231557,0.0323217,0.048623,0.0349069,0.0254109
0.0368823,0.0216062,0.0135348,0.0136621,0.0277827,0.0383439,0.0263857,0.0180157,0.0127401,0.0171672,0.0157904,0.0228994
0.0497774,0.037519,0.0406145,0.0528168,0.0750784,0.0893156,0.085145,0.0486084,0.0442126,0.038138,0.0305604,0.0408873
0.0965444,0.065724,0.0495272,0.0408488,0.0769256,0.0413139,0.0931697,0.113621,0.0380905,0.0166631,0.0213525,0.0751667
0.0562873,0.0551171,0.0547918,0.057086,0.0830204,0.0412028,0.0665069,0.107561,0.0479127,0.0233511,0.0318268,0.0518712
0.0270127,0.0387998,0.0534154,0.0448702,0.0464525,0.0393963,0.0792577,0.0969286,0.0378589,0.0241453,0.0251678,0.0240367
0.0437181,0.0359295,0.0425673,0.0184925,0.0263011,0.0310674,0.0718238,0.0854507,0.0215125,0.0138743,0.0154915,0.0307445
0.0238061,0.0387178,0.055518,0.0364699,0.0404363,0.0383887,0.066883,0.0679816,0.0402283,0.0282669,0.0208521,0.0215146
0.028449,0.0602566,0.0973204,0.0531698,0.0385533,0.0427642,0.0895446,0.090331,0.0397943,0.0358796,0.0416629,0.039822
0.0261488,0.0662963,0.104461,0.0430527,0.0272975,0.0204566,0.0917566,0.119167,0.0473071,0.0310444,0.0453082,0.0496775
0.0135387,0.0346697,0.0572613,0.0276039,0.0236231,0.0275851,0.0975019,0.118103,0.0378218,0.0320868,0.0243945,0.0290932
0.0178412,0.0408279,0.0611898,0.034982,0.0251662,0.0217815,0.0639578,0.118715,0.056961,0.0285768,0.0284227,0.0200846
0.0262095,0.0502797,0.0658356,0.0379629,0.0490908,0.0368388,0.0673255,0.117161,0.0441699,0.0161494,0.0241138,0.0199476
0.0573071,0.0611279,0.0693006,0.0613635,0.0658516,0.0545165,0.0806464,0.114625,0.0595625,0.0513123,0.0399105,0.0650968
0.0467709,0.0349274,0.0586981,0.0426176,0.0339383,0.0482492,0.100162,0.114852,0.0498594,0.0526032,0.0482429,0.114418
0.036599,0.0224122,0.0476311,0.0316173,0.0206541,0.0257631,0.0581048,0.0868482,0.0308704,0.0186413,0.0423342,0.0835601
0.0135359,0.0129347,0.0237475,0.0135826,0.0221721,0.0354933,0.0458922,0.0697704,0.0312502,0.0114045,0.0284926,0.0388622
0.0208469,0.0176245,0.0236535,0.0140999,0.0143924,0.0238627,0.0393565,0.0725111,0.0302902,0.00813663,0.0170635,0.0425471
0.0407764,0.0372363,0.0496877,0.0600548,0.061164,0.0646029,0.0604392,0.0664171,0.0487673,0.03674,0.0426962,0.0450804
0.043247,0.0284587,0.0536623,0.0430488,0.024927,0.0293655,0.0902392,0.112821,0.0526557,0.0169489,0.0296794,0.0555936
0.020407,0.0209855,0.0338417,0.0168748,0.0107786,0.0103721,0.0713634,0.108618,0.0385606,0.0157401,0.0183492,0.0279454
0.0201386,0.01978,0.0319759,0.0214062,0.0133665,0.0183945,0.0506898,0.085419,0.0335707,0.0125107,0.0173878,0.0282773
0.0410536,0.0157559,0.0238433,0.0199713,0.0101574,0.0118698,0.0564527,0.102287,0.0382023,0.0100621,0.0113267,0.0262654
0.0585334,0.0360121,0.0314616,0.0267435,0.0408652,0.041175,0.0788252,0.101454,0.0609715,0.0250503,0.024134,0.0401073
0.0705038,0.0750354,0.0518499,0.0813651,0.120592,0.0954896,0.0956166,0.118214,0.0789845,0.0449302,0.0389245,0.0812688
0.127198,0.0526059,0.0275084,0.081768,0.129349,0.0542996,0.0678587,0.0845639,0.0392713,0.0310229,0.0321812,0.0912692
0.097651,0.043125,0.0163196,0.0760927,0.128923,0.0515064,0.0628456,0.0913518,0.0428705,0.020394,0.0206894,0.0678634
0.0887275,0.0288214,0.0118393,0.0539865,0.0873597,0.0478104,0.0508039,0.0627825,0.0202325,0.0166841,0.0194397,0.0613816
0.0747472,0.0217906,0.00706544,0.0326739,0.0398258,0.0211837,0.0510705,0.0619416,0.0204892,0.0140244,0.0157188,0.0440721
0.0700701,0.0214555,0.00936875,0.033854,0.0353961,0.0206943,0.0407634,0.0518805,0.0214416,0.00767938,0.00950238,0.0394252
0.0497296,0.0301893,0.0204692,0.0225524,0.0230298,0.0234554,0.0259891,0.0332139,0.0234697,0.0131139,0.0138339,0.0235455
0.0134969,0.0113498,0.00885543,0.00685402,0.00586381,0.0050182,0.00429032,0.004539,0.00424407,0.00294232,0.00104906,0.00142017
0.00220188,0.00180012,0.00135253,0.000912441,0.000474436,0.000212078,0.000165606,0.000128205,6.91637e-5,6.99361e-5,5.54372e-5,3.70303e-5
6.52837e-5,3.03764e-5,1.34255e-5,1.78644e-5,5.5041e-6,7.51381e-6,7.2472e-6,4.28836e-6,2.5256e-6,3.18826e-6,3.52934e-6,2.48361e-6
5.34412e-7,4.32265e-7,2.57297e-7,2.55923e-7,3.29673e-7,3.1456e-7,2.43183e-7,7.98032e-8,2.96469e-7,2.51965e-7,1.24883e-7,8.67804e-8