2.16401e-8,1.16222e-8,1.19378e-8,1.1304e-8,1.15835e-8,1.11368e-8,9.90742e-9,4.5419e-9,1.74946e-8,6.83272e-9,5.64519e-9,5.15717e-9
8.85313e-7,6.8127e-7,5.11557e-7,2.29812e-7,1.50594e-7,2.29335e-7,2.29956e-7,1.67463e-7,1.6888e-7,1.43423e-7,1.68332e-7,1.77506e-7
8.446e-6,1.29031e-5,1.56843e-5,1.57909e-5,1.36732e-5,1.13342e-5,8.87102e-6,7.07159e-6,5.94618e-6,4.82064e-6,3.04957e-6,1.38363e-6
0.000193225,0.0002236,0.000234271,0.000236789,0.000230579,0.000206887,0.000167805,0.000116815,8.18501e-5,9.76021e-5,0.000123799,0.000150216
0.000515717,0.000596393,0.000609568,0.000381091,0.00053329,0.000666313,0.000648399,0.000355895,0.000326652,0.000350714,0.000357789,0.000497968
0.000407652,0.000333638,0.0004894,0.00019313,0.000539714,0.000484497,0.000666788,0.000709176,0.000571214,0.000646053,0.000613219,0.000566377
0.00581092,0.00680479,0.0136715,0.00659851,0.00243313,0.00330073,0.0129167,0.0181238,0.00698235,0.00311979,0.00917715,0.014943
0.00384608,0.00643288,0.0119486,0.00497395,0.00177906,0.00217265,0.00999651,0.0169861,0.00675316,0.00209897,0.00723923,0.0110898
0.003457,0.00463037,0.00869653,0.0037829,0.00169783,0.00184578,0.00889251,0.0153,0.00542288,0.00183448,0.00546381,0.00894804
0.00394711,0.0051462,0.00884766,0.00415016,0.0021314,0.0034871,0.0139972,0.0219556,0.00910277,0.00351502,0.0057443,0.00953203
0.00240128,0.00405101,0.00728626,0.00319342,0.00211208,0.00290392,0.0115802,0.0220238,0.00894626,0.000799262,0.00389744,0.00661188
0.00203197,0.00318986,0.00608198,0.00278953,0.00162095,0.00259912,0.0118327,0.0195529,0.00721733,0.000848486,0.00369221,0.0059227
0.00153204,0.00211804,0.00433224,0.00213727,0.00165903,0.00263589,0.0102639,0.0165244,0.00600723,0.000924311,0.0025157,0.0048667
0.00118756,0.00160638,0.00311807,0.00141822,0.00141082,0.00223047,0.00750047,0.0124602,0.00496597,0.000785616,0.00229766,0.00372941
0.0050559,0.00856993,0.0158325,0.00628181,0.00369985,0.00314563,0.00621576,0.00978674,0.00376486,0.00372198,0.00950505,0.0126821
0.00508211,0.00720388,0.0133901,0.00575104,0.0017764,0.00187796,0.004765,0.00731035,0.00292291,0.00143838,0.00798734,0.012823
0.00326455,0.00608906,0.0112339,0.00467184,0.00165383,0.00194939,0.00406191,0.00582853,0.00258023,0.00189555,0.0054152,0.00920516
0.00252042,0.00503902,0.0106988,0.00481835,0.00136284,0.00200859,0.00449901,0.00559484,0.00256454,0.00164325,0.00451813,0.00782446
0.00259656,0.00546665,0.0102809,0.00425045,0.00126473,0.00201491,0.00452705,0.00574452,0.00217475,0.000783059,0.00372102,0.0065485
0.00151889,0.00421425,0.00859643,0.0038496,0.00125895,0.00163728,0.00448587,0.00600486,0.00221975,0.00054363,0.00259169,0.00416493
0.00147879,0.00369804,0.00693484,0.00310761,0.0011224,0.00135397,0.00412922,0.0058229,0.00227244,0.00077589,0.00217876,0.00349148
0.00091778,0.00262307,0.00537111,0.00254594,0.00106972,0.000982564,0.00355917,0.00543598,0.00212764,0.000523991,0.00177534,0.00267109
0.000554346,0.00226247,0.00436395,0.00194417,0.000881078,0.000937722,0.00336761,0.00541893,0.00200825,0.000302217,0.00102043,0.00156682
0.000701402,0.00162649,0.00335151,0.00152768,0.000876084,0.000937008,0.00317321,0.0055367,0.00213452,0.000472703,0.00142783,0.00222846
0.00114721,0.00157064,0.00307799,0.00134858,0.000799093,0.00098451,0.00307932,0.00527976,0.00214737,0.000577378,0.00154087,0.00255194
0.00105837,0.00131728,0.00269631,0.00124636,0.000778584,0.000828161,0.00293848,0.00533774,0.00225398,0.000648207,0.0014228,0.00253466
0.00161799,0.0015759,0.00312941,0.00158611,0.000816205,0.000811003,0.0030773,0.00525505,0.00216392,0.000406525,0.00237911,0.00413683
0.001598,0.00129425,0.00272117,0.00127478,0.000683148,0.000694593,0.00280545,0.00465633,0.00189099,0.000283158,0.00209011,0.00406278
0.00151918,0.00129731,0.00248309,0.00117494,0.000621539,0.000857904,0.00318355,0.00468767,0.00184783,0.000567412,0.00240695,0.00407346
0.00352562,0.00469468,0.0033214,0.00231026,0.00130062,0.00100129,0.00278138,0.00486843,0.00188686,0.00278732,0.00378738,0.00434627
0.00584103,0.00542588,0.0104795,0.00465465,0.000810842,0.00142403,0.00356087,0.00468244,0.00191037,0.00116596,0.00769726,0.0143828
0.00439244,0.00373372,0.00711123,0.00264727,0.000643043,0.00115215,0.00356575,0.00440649,0.00157135,0.000970482,0.00588668,0.0117225
0.00399847,0.003212,0.00617052,0.00273815,0.000720149,0.00115927,0.00346301,0.00425268,0.00156197,0.000985706,0.0059598,0.0101249
0.00342044,0.00327723,0.00532955,0.00265899,0.00111716,0.00188803,0.00950968,0.0113055,0.0031135,0.00207166,0.00425788,0.0085064
0.00259231,0.00239696,0.00420529,0.00183255,0.000900555,0.00115054,0.00520637,0.0101678,0.00460486,0.000827669,0.00444677,0.00717023
0.00226123,0.00189367,0.00358917,0.00196813,0.000588369,0.000876502,0.00544398,0.00986518,0.00429157,0.000731786,0.00265843,0.00509282
0.00201729,0.00158451,0.00315634,0.00158505,0.000808049,0.00102035,0.00602957,0.0103373,0.00441684,0.000978819,0.00345986,0.00585342
0.00689203,0.0127509,0.0171705,0.00653284,0.00379644,0.00241775,0.00381301,0.00611585,0.00505216,0.01106,0.0191908,0.0156139
0.00829183,0.00896945,0.016139,0.00753345,0.00185014,0.00159244,0.00392713,0.00449882,0.00236187,0.00301084,0.0123425,0.0204273
0.00643782,0.0065158,0.0129537,0.00518168,0.000672729,0.000920455,0.00238931,0.0018753,0.000853225,0.00142201,0.0105231,0.0177068
0.00594368,0.00461897,0.00976452,0.00458137,0.00106865,0.00109832,0.00212185,0.00136231,0.000849065,0.00146418,0.0107648,0.0170772
0.00624278,0.00326807,0.0028103,0.00191191,0.00110398,0.0116355,0.0236275,0.0116056,0.0019421,0.00176595,0.0100453,0.0146589
0.00404452,0.00261784,0.0017879,0.00107583,0.000863633,0.0110281,0.0210758,0.00877703,0.00072223,0.000916779,0.00634154,0.00904629
0.00327074,0.00224144,0.00206215,0.00105798,0.000696378,0.00816003,0.0146822,0.00595112,0.000692736,0.000692933,0.00580017,0.00833932
0.00780374,0.00697095,0.00607373,0.0038779,0.00148195,0.005954,0.01071,0.00461409,0.00227201,0.00348661,0.00657945,0.0100613
0.00804018,0.0104135,0.0180487,0.00771224,0.001119,0.00482496,0.00889244,0.00382021,0.00136085,0.00279748,0.0126646,0.0212981
0.00626804,0.00775448,0.0134607,0.00524549,0.000908813,0.00376906,0.00725282,0.00325295,0.000950734,0.00269307,0.0106368,0.0168058
0.00562939,0.00646096,0.0118758,0.00480338,0.000680051,0.00321534,0.00597844,0.00256749,0.00106568,0.00235439,0.00991456,0.0144712
0.004297,0.00546862,0.0103581,0.00430703,0.000500044,0.00270625,0.00528734,0.00240146,0.000494282,0.00121639,0.00795847,0.0124249
0.00350745,0.0046548,0.00889659,0.00376997,0.00061183,0.0027328,0.00543283,0.00252363,0.000466923,0.00127583,0.00695992,0.010588
0.00336732,0.00343054,0.00693219,0.00329635,0.000568601,0.00276597,0.00543866,0.00251464,0.000501171,0.000708223,0.00566349,0.0096034
0.00353685,0.00269562,0.00500161,0.00234783,0.000313989,0.00266219,0.00533328,0.00217673,0.000506247,0.00105232,0.00644145,0.0101019
0.00358205,0.00201188,0.00354827,0.0016106,0.000215215,0.00286731,0.00550488,0.00231268,0.00039844,0.000839465,0.00605296,0.00995394
0.00302307,0.00182785,0.00279635,0.00133393,0.000292689,0.00293872,0.00527612,0.00218654,0.000380949,0.000613401,0.00536565,0.00893187
0.00319987,0.00142158,0.00219284,0.00116691,0.000442695,0.0027625,0.00482081,0.00201846,0.000336234,0.000584537,0.0051634,0.00849978
0.00302294,0.00131181,0.00231413,0.00114607,0.000436898,0.00271579,0.00480377,0.00195471,0.000415806,0.000613321,0.00482382,0.00808253
0.00326785,0.00126371,0.00241088,0.00106599,0.000371174,0.00246429,0.00445823,0.00187349,0.000227943,0.000343478,0.0047546,0.00846014
0.0032252,0.00146708,0.00251225,0.00110684,0.000223794,0.00235537,0.00422428,0.00179988,0.00032062,0.000556486,0.00491796,0.00834388
0.00324568,0.001367,0.0024051,0.00123441,0.000404953,0.0024057,0.004075,0.00160188,0.000296565,0.000462466,0.00472622,0.00810282
0.00475513,0.00458131,0.00474184,0.0018457,0.00138714,0.00326496,0.00481191,0.00184148,0.00181655,0.00348861,0.00847357,0.0117068
0.00711972,0.00812708,0.01594,0.00702483,0.00102904,0.00355172,0.00577323,0.00241026,0.00132389,0.0021007,0.00986877,0.0179759
0.00457265,0.00609919,0.0117488,0.00446936,0.000707421,0.00341684,0.00600479,0.00255874,0.000835208,0.00152752,0.00598515,0.0120908
0.0033523,0.00525858,0.0105331,0.00456765,0.00076149,0.00339398,0.00606541,0.00251768,0.000510617,0.00146906,0.00631995,0.00965352
0.00334149,0.00709431,0.0103798,0.00610241,0.0052133,0.0168083,0.025959,0.0138512,0.00302651,0.00334401,0.00587897,0.00529127
0.00234943,0.00655647,0.0080096,0.00387649,0.00168853,0.0148591,0.0308591,0.0134464,0.000885919,0.00170234,0.00488822,0.00535617
0.00268421,0.00522077,0.00647218,0.00272922,0.000646662,0.0116311,0.0226558,0.00950944,0.000595944,0.0012852,0.00431308,0.00523096
0.00264164,0.004549,0.00530765,0.00215251,0.00112255,0.0089967,0.0156178,0.00624655,0.000440269,0.000948902,0.0036243,0.00542422
0.00844594,0.00628166,0.004487,0.0100548,0.0130791,0.0115732,0.00862597,0.00437438,0.00253582,0.00413783,0.00620841,0.0116906
0.00816699,0.00256511,0.00359648,0.0164763,0.0314837,0.0161326,0.00986346,0.00676118,0.00307786,0.00261198,0.0115278,0.0194237
0.00526541,0.00183116,0.0026398,0.0144081,0.0264406,0.0113513,0.00377906,0.00303075,0.00235124,0.00276217,0.00972287,0.0148226
0.00461353,0.00129627,0.00177522,0.0118277,0.0222605,0.00911694,0.00137993,0.00155924,0.00204713,0.00199937,0.00730807,0.0125121
0.00407,0.00127034,0.000975734,0.0108054,0.0186657,0.00822213,0.00802382,0.00961637,0.00271356,0.00207847,0.00438241,0.0100556
0.00367117,0.00105601,0.00123643,0.00908215,0.0154619,0.00637138,0.00501278,0.0102868,0.00545357,0.00120592,0.00386766,0.00747573
0.00314865,0.000898286,0.00147916,0.00668469,0.0113503,0.00434129,0.00443333,0.0100414,0.00526466,0.0010085,0.00409493,0.00847974
0.00295862,0.000900523,0.00138932,0.00602051,0.00991661,0.0039699,0.00491735,0.00940203,0.00459037,0.00105927,0.00456364,0.00823847
0.00690602,0.00159265,0.00295778,0.0123712,0.018852,0.00642389,0.00528136,0.00806731,0.00362954,0.00424916,0.0145712,0.0199464
0.00597848,0.00133199,0.00174134,0.00994622,0.0187015,0.00808492,0.00386414,0.00599574,0.00224961,0.00141672,0.00925347,0.0162315
0.00494035,0.000977648,0.00140916,0.00840895,0.015279,0.00676457,0.00406139,0.00635609,0.00309674,0.00114354,0.00736289,0.0128927
0.00384027,0.000753284,0.000981451,0.00636183,0.0124804,0.00508945,0.00426043,0.00636279,0.00310575,0.00121654,0.00538029,0.010109
0.00263862,0.000785682,0.000833495,0.00497758,0.0100918,0.00480679,0.00425377,0.00610316,0.00271993,0.000810621,0.00345781,0.00674688
0.00177428,0.000900717,0.00108823,0.00396955,0.00779568,0.00394906,0.00384607,0.00518348,0.00210969,0.00080662,0.00259308,0.00448531
0.000695298,0.000864933,0.00106391,0.00339187,0.00648463,0.00316651,0.00342374,0.00429789,0.00171729,0.000568975,0.00128761,0.00220502
0.000625776,0.00107527,0.00117054,0.00269851,0.00554631,0.00295216,0.00368072,0.00402941,0.00149034,0.000630715,0.00106664,0.00198431
0.00158419,0.0010574,0.00113241,0.00246106,0.00491077,0.00211952,0.00327877,0.00402243,0.00175498,0.000640044,0.00213862,0.00369112
0.00214336,0.00121498,0.00145444,0.00264551,0.0042878,0.00209055,0.00285022,0.00380179,0.00149721,0.000593792,0.00292658,0.0049081
0.00238659,0.000945991,0.00127296,0.00203674,0.00366336,0.00174127,0.00251353,0.00376451,0.00164802,0.000510443,0.00299597,0.00554902
0.00232731,0.00072326,0.00121854,0.00154152,0.00350664,0.00171119,0.00240896,0.00344549,0.00152093,0.000499925,0.00315899,0.00591591
0.00243898,0.000835343,0.00123741,0.00206738,0.00361431,0.00161502,0.00221962,0.00329383,0.00133205,0.000343909,0.00340529,0.0062233
0.00268021,0.00100032,0.00138335,0.00241389,0.00399577,0.00183034,0.00221515,0.00334379,0.00136733,0.000405406,0.00356646,0.0063765
0.00267351,0.00105886,0.0014068,0.00224322,0.00357622,0.00166554,0.00206502,0.00341337,0.00147544,0.000357117,0.00348855,0.00660472
0.0056459,0.0029783,0.00425023,0.0131511,0.0184389,0.0061224,0.00357858,0.00471283,0.00179365,0.00258815,0.00644477,0.0109536
0.00728199,0.00159126,0.00154989,0.0103105,0.0192501,0.00840227,0.00395962,0.00405012,0.00183394,0.00124185,0.00919166,0.0168813
0.00447859,0.00122915,0.00170819,0.00838709,0.0157364,0.00691138,0.00316951,0.0037075,0.0016764,0.00119194,0.00564314,0.0111983
0.00336794,0.00105556,0.00141971,0.00660351,0.0136057,0.00640465,0.00429924,0.00352218,0.00146152,0.000807246,0.00553974,0.00936513
0.00256151,0.00132995,0.00190015,0.00698403,0.0126273,0.00625628,0.00870846,0.00947961,0.00332705,0.00083281,0.00393116,0.00649085
0.00156762,0.00109124,0.00214271,0.00611825,0.0106586,0.00535307,0.00591443,0.00894381,0.0040742,0.000630287,0.00362933,0.00538771
0.00138728,0.00133296,0.00179276,0.00507711,0.00892759,0.00476857,0.00553173,0.00825729,0.00366572,0.000702986,0.00237951,0.00444362
0.00413672,0.0039511,0.00445352,0.00325538,0.00759145,0.00423752,0.00783544,0.00798089,0.00299453,0.00256857,0.00450448,0.00522438
0.0415485,0.0191362,0.00296777,0.0120267,0.0246431,0.0118488,0.00669012,0.0118123,0.00592738,0.00444565,0.00696464,0.0231025
0.0400761,0.0156906,0.00121454,0.0103668,0.0215958,0.0099112,0.00420373,0.00717858,0.0037511,0.00167784,0.00278438,0.0239203
0.0355803,0.0137253,0.00083133,0.0076197,0.0161626,0.00747597,0.00242681,0.00508399,0.00230439,0.0011808,0.00213897,0.0208875
0.0311255,0.012355,0.000456112,0.00693096,0.0142119,0.00629545,0.00203674,0.00411876,0.00185397,0.000853168,0.00156474,0.0170757
0.0262247,0.0104709,0.000504415,0.00595255,0.0114621,0.00500983,0.00188068,0.00342216,0.00152346,0.000802503,0.0010882,0.0142786
0.0214081,0.00874984,0.000549499,0.00512548,0.00984946,0.00423988,0.00132582,0.00260075,0.00133912,0.000688784,0.00111003,0.0115094
0.0174411,0.00704517,0.00059138,0.00473945,0.00903363,0.00399318,0.00133026,0.00272434,0.00142933,0.000696869,0.00135858,0.00983399
0.0141156,0.00582966,0.00086595,0.00401131,0.00778343,0.00347365,0.00168024,0.00309129,0.00143536,0.000955201,0.00160329,0.00748093
0.0324145,0.0148233,0.00229209,0.0113478,0.0226448,0.0101391,0.00209746,0.00418752,0.00247749,0.00172406,0.00282131,0.0176356
0.0272059,0.0114384,0.0012132,0.00828202,0.0172641,0.00765376,0.00196595,0.00299862,0.00168137,0.00116776,0.00207446,0.0148985
0.0257912,0.0112069,0.000720619,0.00681385,0.014804,0.0067418,0.0017878,0.00268043,0.00134232,0.000882256,0.000901315,0.0134001
0.0219945,0.0096049,0.0010269,0.0062729,0.0130051,0.00582276,0.00118454,0.00211325,0.00107775,0.000574384,0.000567931,0.0113119
0.0194063,0.00829636,0.000846035,0.00587153,0.0111558,0.00468044,0.000942039,0.00188616,0.000760122,0.000326879,0.000624978,0.0100902
0.0173611,0.00741661,0.000769585,0.00471187,0.00888693,0.00396347,0.0011136,0.00175088,0.000853137,0.000581342,0.000731017,0.00922587
0.0137015,0.00593724,0.000597683,0.00360028,0.00744452,0.00329602,0.00106682,0.00173315,0.00125002,0.000633585,0.000880019,0.00734985
0.0282138,0.0124551,0.0025036,0.00740771,0.0099973,0.00387279,0.0022571,0.00313481,0.00179237,0.00338581,0.00456723,0.0158293
0.0309989,0.0121839,0.00115803,0.00681743,0.0121847,0.00544316,0.0032569,0.00566093,0.00276909,0.00180921,0.0029136,0.018116
0.0343167,0.0136395,0.00049739,0.00375755,0.00717774,0.00332673,0.00250248,0.00487944,0.00250345,0.00113672,0.00195843,0.0188922
0.0311268,0.0125061,0.000519725,0.00422178,0.00818264,0.00341216,0.00198866,0.0040647,0.00182698,0.000836508,0.00161477,0.0170853
0.0279785,0.010696,0.000586577,0.00318371,0.00598237,0.00285821,0.00242127,0.00367344,0.00200904,0.0027595,0.00949384,0.0232037
0.0218509,0.0101072,0.000986992,0.00294315,0.00532911,0.00241778,0.0022629,0.00301664,0.00165841,0.00105185,0.00790912,0.0128109
0.023806,0.00838349,0.000487271,0.00194406,0.00357752,0.00149896,0.00178637,0.00193336,0.0011319,0.00085973,0.00715359,0.0200439
0.0144064,0.00695261,0.000606231,0.00166199,0.00316143,0.00186889,0.00221396,0.00247714,0.00128817,0.00093605,0.00530233,0.00253743
0.0163555,0.00605076,0.00073741,0.00303738,0.00607992,0.0024372,0.002955,0.00278484,0.0117561,0.0225376,0.012848,0.0131989
0.011543,0.00482851,0.000671343,0.00206724,0.00394734,0.00228261,0.0023409,0.00256361,0.00927589,0.0187153,0.0065714,0.00725302
0.0109852,0.00439189,0.000645338,0.0019826,0.003658,0.0014071,0.00201147,0.00207495,0.00928441,0.0171591,0.00914017,0.00760583
0.0143371,0.00552068,0.00146517,0.00227486,0.00430479,0.00296923,0.00251319,0.00217778,0.00676081,0.0159339,0.0134741,0.0173876
0.00842378,0.0034029,0.000576606,0.00181175,0.00383016,0.00203834,0.0022058,0.00220384,0.00771275,0.0130915,0.0123276,0.0140663
0.00710944,0.00267391,0.000507244,0.00201781,0.00424584,0.00220397,0.00241985,0.00231873,0.00594352,0.0115917,0.00328436,0.0112251
0.00923335,0.00383365,0.00236177,0.00357108,0.00562409,0.0067994,0.00764618,0.00630142,0.0086316,0.0134997,0.0114759,0.0136666
0.0239084,0.0342581,0.0418805,0.0267054,0.0232529,0.0306774,0.0372012,0.0402936,0.0289572,0.0202247,0.0292807,0.0266057
0.0149189,0.0371278,0.0504865,0.0262902,0.00869374,0.0162329,0.0393303,0.045869,0.0159355,0.00846533,0.0139827,0.016836
0.0122673,0.0332479,0.0474099,0.0196506,0.00340043,0.00825999,0.0360262,0.0437676,0.0165513,0.00565173,0.00978504,0.0123706
0.0102363,0.0236097,0.0368789,0.0136474,0.00502988,0.0123714,0.0289511,0.0332471,0.0166689,0.00681766,0.00863385,0.0128074
0.0112926,0.0176546,0.035218,0.023303,0.0133132,0.0180645,0.029635,0.0301676,0.0193661,0.00816737,0.00485884,0.0106515
0.00891061,0.0191442,0.0270277,0.011046,0.00455357,0.00947909,0.0292237,0.0354424,0.0122673,0.00408263,0.00575901,0.00861206
0.00656287,0.0175286,0.0223159,0.00801225,0.0027419,0.00758447,0.0286943,0.033695,0.0100891,0.00204894,0.00406036,0.00548453
0.0087538,0.0173003,0.0162744,0.0142191,0.0155561,0.0194324,0.0202455,0.0355166,0.0191864,0.00897549,0.00811013,0.00906291
0.0162954,0.026564,0.0391503,0.0274147,0.0250938,0.0262496,0.027176,0.0311441,0.0222465,0.0068113,0.0163452,0.0225083
0.012423,0.0193618,0.0248058,0.0122182,0.00595381,0.0108454,0.0379305,0.0436435,0.0127959,0.0047003,0.012185,0.0185382
0.0123117,0.0230269,0.0271613,0.00989364,0.00361004,0.00804868,0.0330133,0.0404586,0.0157652,0.00331702,0.0102668,0.0144567
0.0116389,0.0189819,0.0260412,0.0114064,0.00501824,0.0073195,0.0237934,0.0265164,0.0150414,0.00613827,0.00832221,0.0123873
0.0111763,0.0192425,0.027838,0.0166775,0.00732922,0.0102262,0.0210067,0.0201151,0.0132605,0.00526863,0.00716338,0.0119026
0.00800157,0.0207145,0.0270014,0.00869183,0.00415885,0.00616031,0.023091,0.026573,0.00867683,0.0019802,0.00603101,0.0088698
0.00714573,0.0159618,0.0263314,0.0109186,0.00353586,0.00543872,0.0194781,0.0254269,0.00866453,0.00271913,0.00710088,0.0110631
0.0150588,0.0206803,0.0184594,0.024391,0.023704,0.0232558,0.0335335,0.0260966,0.0181041,0.0152323,0.0143955,0.0153647
0.00973072,0.024074,0.0306176,0.017814,0.00602928,0.0119108,0.0328633,0.0430213,0.0187936,0.008022,0.00722706,0.00819745
0.00828441,0.0200463,0.0202145,0.0044048,0.00308647,0.00551541,0.0221836,0.0266205,0.007358,0.00264059,0.00434584,0.00762664
0.00623583,0.0143485,0.0180135,0.00932601,0.00506933,0.0041534,0.0233403,0.0299818,0.0137704,0.00428603,0.00507354,0.00618833
0.00935301,0.0113226,0.00611145,0.010335,0.0080123,0.00772586,0.0235919,0.0271336,0.0137801,0.00461202,0.00426338,0.00900233
0.0061459,0.0116687,0.0144663,0.00642311,0.00325633,0.00640578,0.0267822,0.0332616,0.0113202,0.00209521,0.00544557,0.00797926
0.00488154,0.0118815,0.0126407,0.00526238,0.00242652,0.00575714,0.0219353,0.0298378,0.0106537,0.00147769,0.00445903,0.00771904
0.0103841,0.00902196,0.0171137,0.019309,0.0131438,0.0112227,0.0244831,0.0315889,0.0167748,0.00916291,0.00853033,0.0106894
0.0140536,0.0335285,0.0435701,0.0192589,0.0199391,0.018625,0.0363471,0.0362761,0.0210396,0.00611338,0.0140623,0.019579
0.0120286,0.0313949,0.0400396,0.0140679,0.00674934,0.00618677,0.0256816,0.0366901,0.0120379,0.00398354,0.011458,0.0150267
0.00957201,0.0197867,0.0252433,0.0121904,0.00486075,0.00650488,0.0215116,0.0314436,0.0135035,0.00482247,0.00723015,0.0104619
0.0112792,0.0160613,0.0148626,0.00868706,0.00716073,0.00879871,0.018395,0.0198129,0.0125638,0.00536799,0.00457806,0.00947586
0.0116321,0.0215163,0.0230567,0.0106915,0.00514436,0.0103511,0.0227468,0.0285147,0.0134991,0.00431791,0.00670095,0.00961464
0.00755157,0.015941,0.0212157,0.00802883,0.0021201,0.00648353,0.0293278,0.0381253,0.0126598,0.0021427,0.00562133,0.0089827
0.00531056,0.00950782,0.0148948,0.00717447,0.00239247,0.0055453,0.0240844,0.0357657,0.0134571,0.00253883,0.00553861,0.0093055
0.0229956,0.0169401,0.0139468,0.0149731,0.0207222,0.0191195,0.0264364,0.0375978,0.0251158,0.0187997,0.019216,0.0214068
0.0280959,0.0212492,0.0285371,0.0228411,0.0133304,0.0122879,0.020032,0.0193369,0.00897911,0.0135212,0.0312563,0.0397353
0.0186808,0.0161535,0.0254171,0.012851,0.00354731,0.00671432,0.0135204,0.0122648,0.00754671,0.00737295,0.029134,0.0414497
0.0296562,0.0174033,0.0174451,0.0108072,0.00373173,0.00898667,0.0117623,0.0135626,0.00916444,0.00873228,0.0216215,0.0275285
0.0275849,0.0160023,0.0124097,0.00619114,0.00395759,0.0102404,0.0198321,0.0169185,0.00832056,0.00626293,0.026399,0.0351862
0.0189474,0.0127055,0.0114331,0.00496251,0.00258896,0.0205352,0.0429319,0.027795,0.00770093,0.00370705,0.0253678,0.0357927
0.0131869,0.0101755,0.00800903,0.00406712,0.00125718,0.0182676,0.0361375,0.0222304,0.00611155,0.00406022,0.0230694,0.0304336
0.0144294,0.0127054,0.00971258,0.00513058,0.00586582,0.0160945,0.0309957,0.0183196,0.009137,0.00344474,0.0170564,0.0265195
0.0208576,0.0176207,0.01771,0.0216432,0.0243519,0.0326916,0.0444363,0.0279925,0.0138223,0.0138445,0.0387592,0.0422872
0.0129076,0.0159702,0.0192385,0.01494,0.00764296,0.0156489,0.0274111,0.0175211,0.00902897,0.00366774,0.0231014,0.0330165
0.0176973,0.0153084,0.016596,0.00814905,0.00348172,0.0106695,0.0193275,0.0119079,0.00460891,0.00524176,0.0237479,0.0315733
0.014487,0.0139339,0.0106624,0.00476719,0.00437698,0.0104591,0.0156734,0.0132642,0.00790531,0.00407605,0.0205976,0.0223543
0.0170754,0.0123347,0.0102059,0.00539229,0.00405338,0.0119172,0.0198026,0.0166771,0.00911593,0.00800514,0.0244307,0.0286901
0.0139751,0.00979959,0.00842187,0.00447324,0.00161546,0.00875663,0.0152567,0.0139497,0.0060581,0.00357584,0.0219425,0.028658
0.0149862,0.00467654,0.00562872,0.00374515,0.00193689,0.00888809,0.0176531,0.0161603,0.00665907,0.00484812,0.0202275,0.0269725
0.0187067,0.00958224,0.0102417,0.0140968,0.0136862,0.017197,0.0193786,0.0186547,0.0153677,0.0121188,0.0162362,0.0133331
0.0181707,0.0119687,0.0115397,0.0190173,0.0179238,0.029099,0.0335867,0.0182867,0.0105009,0.00876139,0.0249117,0.0261097
0.0112221,0.0138222,0.0156145,0.00954383,0.00436094,0.0196831,0.0292073,0.0105314,0.00412672,0.00426581,0.0202857,0.0258659
0.0138782,0.0112713,0.0057938,0.00493086,0.00467277,0.0104253,0.0158166,0.00660624,0.00346512,0.00560591,0.018432,0.0243014
0.0148866,0.0136234,0.00599749,0.00370367,0.00315903,0.00864867,0.0132958,0.0119611,0.00667,0.00414031,0.0150928,0.0119984
0.0169713,0.010036,0.00338177,0.00270242,0.00294694,0.00927147,0.0200664,0.0203861,0.00839833,0.00723676,0.0204226,0.0235078
0.0120139,0.00681853,0.00354034,0.00215099,0.00116701,0.00739525,0.0175439,0.0177477,0.00718963,0.00415294,0.0194615,0.0249709
0.0103554,0.00505448,0.00454788,0.00348778,0.00363344,0.00814005,0.0179921,0.017201,0.00819251,0.00548803,0.0153699,0.0220534
0.0165823,0.0186019,0.0286277,0.0274328,0.0212192,0.0277772,0.0275647,0.0238021,0.0214991,0.0241682,0.0271278,0.0282537
0.0163658,0.0134755,0.0236682,0.0170047,0.00702338,0.0221844,0.0369345,0.0155929,0.0066161,0.00869493,0.026342,0.0313173
0.0138799,0.0156472,0.0193668,0.00881692,0.00308646,0.0179716,0.0315867,0.011185,0.00378922,0.00574459,0.0227895,0.0289327
0.0136636,0.0116763,0.0170138,0.00777386,0.00490007,0.016704,0.0271545,0.0129527,0.00504284,0.00701971,0.0161745,0.0237644
0.0198324,0.0146484,0.015988,0.00744483,0.00481675,0.0141191,0.0268163,0.0146257,0.00709345,0.0115243,0.0108163,0.0166372
0.0135866,0.0126325,0.0149964,0.00653194,0.00187064,0.0170134,0.0283379,0.0116921,0.0057014,0.00914322,0.0203381,0.0214965
0.00998438,0.00937509,0.0117472,0.00539225,0.00157316,0.0138489,0.0213208,0.00697728,0.00283505,0.00450996,0.018853,0.0221688
0.01245,0.0100479,0.0133039,0.0106922,0.00697416,0.00641238,0.0183556,0.00960627,0.00569636,0.0105799,0.0176173,0.0168128
0.0166632,0.015305,0.0247095,0.0386277,0.0449806,0.0326693,0.0208882,0.0156073,0.0163526,0.0151748,0.0364996,0.0347269
0.0108268,0.0115908,0.0261057,0.0342946,0.0375461,0.0158642,0.00876914,0.0133557,0.0104823,0.00873687,0.0237572,0.0291363
0.0094588,0.00970893,0.0141889,0.0398406,0.0444397,0.0142145,0.00519682,0.0097169,0.0104288,0.0061985,0.0243448,0.0346863
0.0110789,0.00670966,0.00871285,0.0302563,0.0402842,0.0177187,0.00496787,0.00848545,0.0116555,0.00832984,0.0221879,0.0380693
0.00844777,0.00679031,0.0114756,0.0191693,0.0289465,0.0129357,0.00884679,0.0108072,0.0101285,0.00635739,0.0188866,0.0282901
0.0072569,0.00557761,0.00809056,0.0192931,0.0257703,0.0103099,0.00661736,0.0124257,0.01174,0.00533589,0.018471,0.0247359
0.00704507,0.003841,0.00393562,0.0196132,0.0260151,0.00819847,0.00553987,0.012535,0.00871604,0.00485412,0.0178376,0.0258838
0.0151543,0.00818183,0.0095141,0.0264742,0.0330496,0.0161574,0.0156638,0.0199841,0.0124267,0.0158075,0.0283533,0.0371954
0.0170587,0.0129025,0.0181592,0.0440692,0.0511454,0.0163806,0.00854165,0.0165956,0.0188194,0.0116991,0.0306412,0.0409316
0.0161096,0.0142884,0.0100254,0.0255254,0.0370887,0.0121225,0.00565489,0.0113896,0.0116408,0.00513069,0.0245576,0.03412
0.0116896,0.0124564,0.015002,0.0330196,0.0374256,0.0126616,0.00514457,0.00979591,0.0101717,0.00453887,0.0235111,0.0345748
0.0136708,0.00971434,0.0123295,0.0257083,0.0338881,0.0143544,0.00571181,0.0100059,0.009696,0.00837244,0.0203882,0.0303127
0.00913977,0.00774111,0.0111442,0.0197117,0.03292,0.0145358,0.00462454,0.00647038,0.00682893,0.00764253,0.0139606,0.0177091
0.00750072,0.00824778,0.00970555,0.025631,0.0337266,0.0115219,0.00349446,0.00863392,0.00800018,0.004099,0.0141282,0.020015
0.00996481,0.00544542,0.00807911,0.0241323,0.0320786,0.00936089,0.00505704,0.00857513,0.00748014,0.0034422,0.010187,0.0142069
0.017371,0.0126018,0.0143642,0.0267716,0.0361511,0.0251001,0.0130632,0.0129356,0.0191336,0.0163204,0.0208644,0.0199946
0.0109705,0.0170308,0.0257039,0.0289528,0.0236436,0.00925341,0.00579652,0.0041205,0.0104331,0.0125935,0.0194367,0.0232777
0.0127902,0.0136078,0.0174981,0.0313887,0.0313082,0.0102756,0.00417046,0.00881306,0.00753713,0.00533058,0.0194198,0.0246768
0.0102726,0.00803093,0.00993043,0.02576,0.0296624,0.0105716,0.00479965,0.00630832,0.00464689,0.00416176,0.0190252,0.0270338
0.0117155,0.00519291,0.00761052,0.0188575,0.023593,0.0117856,0.00237815,0.00492258,0.00362301,0.0064455,0.00867848,0.0222755
0.0104481,0.00729275,0.0114221,0.0246727,0.0256819,0.010375,0.00458138,0.00849999,0.00944798,0.00922386,0.0172996,0.0231738
0.0077129,0.00630032,0.00729769,0.0244084,0.0277506,0.0087908,0.00247306,0.0064518,0.00638553,0.00330938,0.0206369,0.0286058
0.0136276,0.0104039,0.0109698,0.0204366,0.0215077,0.0151154,0.0105931,0.0139375,0.0123487,0.0109135,0.0236403,0.0304127
0.0150742,0.0158941,0.0179721,0.0337214,0.0275878,0.0167087,0.00714721,0.00837473,0.0178775,0.0104512,0.0254134,0.0431413
0.0159635,0.0171342,0.0195887,0.0360744,0.0432329,0.0133037,0.00519734,0.0108368,0.01388,0.00800481,0.025252,0.0357738
0.0116715,0.00796255,0.0102786,0.0376841,0.0437214,0.0146929,0.00347934,0.00957096,0.00963445,0.00606116,0.0207401,0.0307284
0.0122685,0.00715388,0.00936468,0.0314279,0.0387096,0.0147209,0.00796143,0.0128758,0.0108495,0.0052955,0.0216894,0.0344294
0.0103259,0.00625467,0.00914325,0.033523,0.0346212,0.0108054,0.00492687,0.0110202,0.00727644,0.00615634,0.0231731,0.0282341
0.0083514,0.00513376,0.00745724,0.0311789,0.033962,0.0090237,0.00408935,0.00900716,0.00740658,0.00368703,0.0212288,0.0289943
0.00781277,0.00670028,0.0109187,0.0294105,0.0348617,0.0103243,0.0063732,0.0100142,0.00816319,0.00370449,0.0177847,0.0234481
0.0202725,0.0156018,0.0205591,0.0277723,0.0392952,0.0249012,0.0182977,0.015871,0.0208177,0.0219523,0.0251945,0.0319911
0.0504806,0.0223374,0.0115196,0.0185231,0.0239738,0.0100487,0.0162482,0.0264845,0.0141869,0.00712964,0.00976832,0.0296623
0.0516686,0.0136292,0.0103619,0.0109316,0.0142189,0.00409939,0.00998566,0.0138818,0.0056614,0.00340707,0.00523734,0.0275434
0.0491198,0.0256265,0.0073378,0.00940594,0.0140584,0.00722363,0.0102838,0.0199766,0.0113673,0.00468102,0.00504924,0.0247515
0.0393416,0.0198056,0.0073588,0.00731008,0.00866693,0.00759371,0.0156549,0.0261684,0.0152558,0.00755278,0.00867,0.0244335
0.047795,0.0185196,0.00314534,0.00557833,0.0082142,0.00348945,0.00906509,0.0149074,0.00668184,0.00297073,0.00480432,0.028538
0.0509596,0.0160066,0.00196532,0.00331091,0.00576344,0.0027853,0.00785476,0.0122323,0.00424193,0.00113137,0.00290944,0.0268872
0.0412529,0.0168804,0.00387765,0.00597301,0.00929614,0.00492023,0.00983575,0.0101362,0.00672294,0.00544536,0.00490966,0.0197108
0.0439186,0.0207956,0.0151089,0.0236144,0.0344201,0.0255588,0.0125021,0.0181766,0.016645,0.0133325,0.0173448,0.0326488
0.0595306,0.0287891,0.0130875,0.0145154,0.0158956,0.0067995,0.0169802,0.0246085,0.00842068,0.00391309,0.00533423,0.0300253
0.057151,0.0226344,0.00886018,0.00638237,0.0106467,0.00576654,0.00990101,0.0142134,0.00654575,0.00284639,0.00464189,0.0284018
0.0325527,0.0189962,0.00423868,0.00692152,0.0106225,0.00561875,0.00882846,0.0175862,0.011155,0.00405119,0.00662079,0.0191305
0.0235164,0.0181371,0.00686488,0.00690154,0.00942598,0.00717458,0.0141952,0.0245083,0.0146828,0.00649339,0.0095955,0.019143
0.0472885,0.0198933,0.004029,0.00474886,0.00645372,0.00297256,0.00872517,0.0143633,0.00519727,0.00167406,0.00293122,0.0226231
0.0478239,0.017564,0.00221491,0.00361164,0.00490465,0.00263741,0.00805733,0.0124612,0.00462681,0.00111432,0.00313995,0.0204542
0.0364633,0.0212973,0.00736466,0.00844759,0.0111059,0.00884125,0.0116201,0.00587119,0.00920092,0.00810076,0.00763466,0.0103943
0.0605663,0.0228697,0.016326,0.0234668,0.026644,0.0169935,0.0163711,0.0232487,0.00691035,0.00862503,0.0137878,0.0356125
0.0639887,0.0234192,0.0127443,0.0133506,0.0129485,0.00522,0.0111809,0.0194376,0.0080511,0.00336311,0.00478212,0.0310138
0.0454131,0.0166189,0.00450771,0.00753363,0.0110785,0.00803078,0.0136068,0.0191679,0.00816742,0.00506913,0.00777622,0.0261319
0.0333999,0.0142124,0.00526133,0.0070256,0.00909068,0.00879026,0.0107853,0.0178433,0.00970042,0.0112538,0.0167885,0.0168818
0.0132551,0.00570819,0.00346195,0.00616862,0.00781999,0.0148014,0.0216753,0.0175796,0.00970681,0.00853896,0.0328031,0.0363479
0.0261472,0.00655151,0.00260264,0.00475175,0.00638501,0.0126819,0.0167021,0.00633342,0.00130133,0.00311677,0.0271276,0.0418053
0.0222692,0.00758321,0.00283525,0.00513283,0.00625316,0.0106189,0.0150611,0.00848529,0.00439937,0.00550537,0.0221889,0.0295044
0.0214838,0.0121459,0.0116095,0.0179089,0.0235503,0.0236419,0.0206702,0.0155934,0.0228216,0.0277647,0.0304269,0.0262673
0.0134221,0.0170373,0.0188827,0.027458,0.02819,0.00880577,0.00731757,0.0100401,0.0260305,0.0402635,0.0162177,0.0102327
0.0134204,0.0117752,0.0116685,0.010595,0.0182801,0.00826159,0.00284733,0.00594455,0.0263856,0.036283,0.0137277,0.00311914
0.0148711,0.012719,0.00645622,0.0062286,0.0108506,0.00964532,0.00601029,0.00617783,0.0164543,0.0245113,0.015743,0.00749283
0.0220946,0.0109157,0.00432702,0.00402352,0.00506093,0.00968743,0.0108098,0.00902691,0.00979572,0.0146372,0.0178199,0.0288083
0.0146351,0.00649656,0.00312303,0.00322712,0.00350716,0.0112889,0.0180232,0.00972122,0.00740617,0.0122312,0.0217175,0.0301854
0.0153793,0.00925234,0.00358878,0.00256571,0.00579766,0.0120812,0.00998325,0.00649644,0.00688696,0.0162409,0.0252463,0.0196244
0.00825268,0.0088022,0.00518955,0.00728621,0.00863237,0.0147381,0.0146436,0.0101266,0.00742645,0.0146407,0.0169827,0.0142679
0.0135488,0.0309885,0.0470009,0.0346612,0.0238279,0.0244925,0.0325222,0.0251804,0.0189407,0.0168936,0.0228254,0.0222047
0.0118974,0.0277121,0.042462,0.0201267,0.00911723,0.00816749,0.036121,0.0443188,0.0165669,0.00404893,0.0113189,0.0185384
0.0104859,0.0179513,0.0334567,0.0175228,0.00720371,0.00512112,0.0253315,0.0359489,0.0155709,0.00670923,0.00930634,0.0122917
0.0148693,0.019932,0.0170892,0.0135796,0.00821697,0.00748292,0.0272102,0.0350513,0.0118005,0.00470631,0.00763523,0.0129138
0.00868916,0.0142323,0.0224928,0.00984087,0.00338401,0.0074764,0.0296126,0.0376266,0.0133064,0.0023531,0.00600845,0.0100177
0.00775739,0.0169727,0.0206759,0.00850976,0.00347262,0.00744844,0.0301686,0.0438444,0.0167287,0.00277069,0.00392682,0.0068291
0.00793581,0.0113597,0.0189207,0.00884012,0.00371998,0.00574589,0.0296443,0.0416022,0.0204899,0.00466567,0.0043645,0.0077385
0.0183495,0.0216549,0.0318229,0.0244511,0.0213115,0.0254189,0.0322587,0.0372305,0.0279689,0.0196661,0.0169827,0.0170012
0.0100438,0.028275,0.0366846,0.0219698,0.00997318,0.0105142,0.0278469,0.0341776,0.013509,0.00717216,0.0115178,0.0155316
0.0104799,0.0238855,0.0377663,0.0168682,0.00557793,0.0078281,0.0362536,0.0503587,0.0176204,0.00657284,0.00789403,0.0149872
0.0102207,0.0215413,0.0272565,0.010597,0.00469642,0.010027,0.0345904,0.0458307,0.0157935,0.00411974,0.0090192,0.0135727
0.00676682,0.0161996,0.0204727,0.00935715,0.00880949,0.0127106,0.0150067,0.0318378,0.0188171,0.00483257,0.00851307,0.0141065
0.00751,0.0143396,0.0197372,0.00953611,0.00523652,0.00942759,0.025091,0.0326164,0.0133165,0.0039375,0.00740695,0.0115885
0.00533256,0.0134195,0.0201544,0.00864242,0.00264716,0.00607126,0.0233305,0.0290311,0.00859306,0.00329218,0.00652764,0.00896635
0.00655812,0.012813,0.0163988,0.00738919,0.00978657,0.0135242,0.0211536,0.0296284,0.0120819,0.00674229,0.00740791,0.0120357
0.0113781,0.0152865,0.0193381,0.0225119,0.0262629,0.0292132,0.0349505,0.0330206,0.0220953,0.0131573,0.0161051,0.0157037
0.0063178,0.0185987,0.0271618,0.0123905,0.00493133,0.00829319,0.0322409,0.0429071,0.014227,0.00441589,0.00753793,0.0102352
0.00867193,0.0161472,0.017436,0.00354291,0.00465695,0.00643539,0.0247094,0.0331742,0.0113609,0.00326543,0.00641842,0.00923109
0.00719334,0.00659628,0.0131257,0.00775142,0.00406103,0.00504756,0.0250097,0.035443,0.0157436,0.00386938,0.00442831,0.00696883
0.00987919,0.016448,0.0186128,0.00874015,0.00488003,0.00765136,0.0240589,0.0273304,0.00972386,0.00391507,0.00530308,0.00668895
0.00710452,0.0151215,0.0203982,0.00738569,0.00336962,0.00675161,0.0245031,0.0291693,0.00937987,0.00348766,0.00428434,0.00606165
0.00624777,0.0146143,0.0178725,0.00566331,0.00278144,0.00594047,0.0241539,0.0327086,0.0109451,0.00232849,0.00421385,0.00512145
0.0100028,0.0184586,0.0163194,0.0211516,0.0225384,0.0232158,0.0211592,0.0281739,0.0215058,0.0138357,0.0164011,0.0141771
0.0131019,0.0286832,0.0420407,0.0309743,0.0215551,0.0159779,0.0247965,0.0312197,0.0114845,0.00771352,0.00968706,0.0122991
0.00473673,0.0235961,0.0333332,0.0155058,0.00682781,0.00690524,0.0244816,0.0304326,0.0113967,0.00561547,0.0069085,0.00861156
0.0082622,0.0239481,0.031781,0.0126653,0.00523398,0.00847949,0.0221458,0.0288098,0.0123711,0.004611,0.00618812,0.00893046
0.00799813,0.0211123,0.0256482,0.00790427,0.00562945,0.00535857,0.0238176,0.0325111,0.0102169,0.00449341,0.00586639,0.0087335
0.00695319,0.015548,0.0236931,0.011641,0.00524716,0.0103764,0.0270491,0.033458,0.011239,0.0037867,0.0054677,0.00937491
0.0101424,0.0191116,0.0248913,0.0100952,0.00286611,0.00730113,0.0222419,0.0340761,0.0146216,0.00480941,0.00552367,0.00961859
0.00725112,0.00921217,0.0132424,0.0104709,0.00587665,0.00263633,0.0166532,0.0333478,0.0260112,0.00849475,0.00293344,0.00516292
0.0166787,0.018227,0.0228884,0.0251272,0.0248376,0.0182961,0.0199469,0.0255894,0.0306496,0.0300823,0.0214097,0.0176234
0.0176005,0.0160642,0.0275903,0.0209077,0.00949506,0.0136058,0.0127117,0.0142279,0.0116659,0.0204307,0.0402907,0.0407834
0.0177923,0.016493,0.0212699,0.010993,0.00225026,0.0117796,0.016466,0.0123354,0.0066877,0.00649213,0.0342168,0.0444076
0.0238258,0.0142274,0.0175646,0.010176,0.00332164,0.00622739,0.0137232,0.0142386,0.00783238,0.00731339,0.0224663,0.0386031
0.0173746,0.0130683,0.0120415,0.00671789,0.00573845,0.0144522,0.0225392,0.0185163,0.0104726,0.0104328,0.0238475,0.0348996
0.0145538,0.00660545,0.0050368,0.0031083,0.00256185,0.0177679,0.0307518,0.0191718,0.00562995,0.00384268,0.0259819,0.0333945
0.014898,0.00445545,0.00431614,0.00307761,0.00244511,0.0158587,0.0291173,0.0178325,0.00366653,0.0045651,0.022641,0.0287123
0.0207798,0.012454,0.00763923,0.0104842,0.0121472,0.017979,0.0190562,0.0195955,0.012315,0.0127273,0.0142764,0.0210459
0.0269012,0.0288222,0.0321023,0.0238901,0.0151812,0.0162238,0.028137,0.0190939,0.0151826,0.0159834,0.0298603,0.0319603
0.012206,0.0138351,0.0220327,0.0127929,0.00494818,0.0114516,0.0153344,0.00822962,0.00466359,0.00737189,0.0267913,0.0314684
0.0135014,0.0121385,0.0145227,0.00791893,0.00255246,0.00884788,0.0128852,0.00904844,0.00487033,0.00515163,0.0223263,0.0267885
0.0132939,0.00983506,0.0109496,0.00680349,0.00346473,0.00990293,0.0138447,0.00988642,0.00488833,0.00769634,0.0174418,0.0240128
0.015017,0.0085621,0.00909946,0.00529497,0.00499475,0.00562724,0.0160518,0.0185445,0.0100395,0.00584165,0.012427,0.0247606
0.0158456,0.00652819,0.00717653,0.00314602,0.00172819,0.00876343,0.0159811,0.0130784,0.00684385,0.0046646,0.0203594,0.0263105
0.0124248,0.00564445,0.00550084,0.00352164,0.00167307,0.00797579,0.0136411,0.00875358,0.00320423,0.00583375,0.0193603,0.0237675
0.0167642,0.00929401,0.0124839,0.0175407,0.0217888,0.0188133,0.00929502,0.0132264,0.0151131,0.0162492,0.0231363,0.014247
0.0188765,0.0115186,0.015777,0.0162619,0.00905982,0.0243096,0.031204,0.0156582,0.00604973,0.00887666,0.0187545,0.018536
0.0149356,0.0120696,0.0111808,0.00703495,0.0021415,0.0190982,0.0334948,0.0129837,0.0022471,0.00507791,0.0184258,0.0203108
0.00540682,0.00787282,0.00523561,0.00252263,0.00186757,0.0154506,0.0265015,0.0107399,0.00281218,0.00538952,0.0159883,0.0171546
0.0150011,0.0112744,0.0065666,0.00283875,0.00189577,0.0121176,0.0211175,0.0130938,0.00464942,0.0043704,0.0142214,0.0133332
0.0113861,0.00928497,0.00554034,0.00364296,0.00361568,0.0108289,0.0132077,0.0115374,0.00659062,0.00763574,0.0178504,0.0157347
0.0117612,0.00504343,0.00220066,0.00152866,0.00169356,0.0087208,0.0145415,0.00838431,0.00420715,0.00315163,0.0169284,0.0210175
0.0110412,0.0042855,0.00439431,0.00472571,0.00486116,0.0108293,0.0192972,0.00906899,0.00724789,0.00661883,0.0152903,0.0204163
0.0194059,0.00793308,0.00968999,0.0148489,0.0187921,0.0171756,0.0234078,0.0175761,0.0132689,0.0136857,0.017613,0.0202275
0.0198262,0.0159431,0.022682,0.0178527,0.00741598,0.0133643,0.0175139,0.00855305,0.00966545,0.0115584,0.0191942,0.0286385
0.0119112,0.0133433,0.015707,0.00654759,0.00483154,0.0108162,0.0153145,0.00548686,0.00701306,0.0140304,0.0254601,0.026842
0.0137843,0.0127922,0.0138297,0.00630521,0.00195512,0.0106183,0.0136297,0.00520858,0.00675358,0.0141387,0.0216512,0.0242233
0.0127179,0.012359,0.00949333,0.00447777,0.00584139,0.0151656,0.0256283,0.0121933,0.010668,0.0136237,0.0128383,0.0217576
0.00983649,0.0107849,0.0108207,0.00542526,0.00343633,0.0202532,0.032777,0.0138202,0.00500922,0.00655796,0.0189521,0.0236391
0.0131786,0.00829641,0.00927873,0.00496337,0.00142482,0.0156823,0.026229,0.0104793,0.00369397,0.00492512,0.0184894,0.022275
0.0187795,0.00818811,0.012136,0.0132143,0.0129005,0.00999493,0.0220751,0.0169621,0.0107172,0.0153798,0.0224296,0.0258414
0.0207039,0.0164188,0.0221885,0.0338202,0.0313224,0.0125897,0.0116689,0.0111373,0.0123468,0.0131026,0.0137462,0.0170023
0.00926532,0.0124519,0.0175699,0.0312583,0.0402144,0.0156817,0.00824908,0.0107069,0.0114784,0.00754657,0.0222642,0.0314876
0.00710861,0.00653195,0.0098165,0.0365652,0.0437269,0.0146387,0.00251833,0.00622541,0.00784994,0.00440027,0.0154188,0.0202435
0.00836599,0.00607294,0.00895729,0.0313435,0.0390515,0.0138682,0.00445261,0.00888581,0.00879038,0.00484406,0.0178082,0.0239182
0.00679292,0.00670779,0.0128416,0.0172811,0.0245737,0.0125158,0.00757669,0.00892621,0.00857792,0.00496201,0.0149851,0.0244275
0.00561512,0.00488717,0.0106727,0.0197001,0.017726,0.00763126,0.00534674,0.0108639,0.00907371,0.00649751,0.0199541,0.025815
0.00515319,0.00374047,0.00743917,0.0162572,0.0193068,0.00655931,0.004488,0.00962364,0.00817295,0.00312268,0.0200512,0.0292998
0.0113713,0.00829482,0.010593,0.0208467,0.0264398,0.0210859,0.0156497,0.0166728,0.0183461,0.0196374,0.0270615,0.0254339
0.013681,0.0108327,0.0130565,0.0198554,0.0360649,0.0189423,0.00824037,0.0131833,0.00990085,0.00810957,0.0212079,0.0245407
0.00936003,0.00938474,0.0106316,0.0261382,0.03294,0.0122053,0.00608719,0.00804498,0.00796299,0.00530312,0.0165645,0.0216976
0.0127735,0.00777351,0.0105368,0.0254081,0.0334346,0.0113238,0.00521845,0.00721201,0.00728125,0.00439601,0.0179643,0.0277964
0.00477345,0.00535993,0.00473302,0.0231724,0.0300724,0.0105564,0.00640157,0.00752851,0.00716302,0.00632069,0.0173163,0.0253557
0.00879603,0.00505333,0.00601305,0.0242806,0.0280565,0.00818983,0.00413976,0.00730406,0.00739352,0.00550865,0.00916035,0.0213734
0.00456081,0.00540401,0.00996469,0.0260053,0.0270979,0.00782884,0.00344095,0.00580886,0.00469935,0.00272839,0.0126455,0.0178936
0.00846801,0.00559201,0.0130189,0.0266855,0.0309126,0.0123602,0.00602085,0.00595164,0.00649337,0.00312863,0.014491,0.0227796
0.0127134,0.0143033,0.0206816,0.0262784,0.024893,0.0184977,0.0125764,0.0108715,0.0131285,0.0197353,0.0252928,0.0206418
0.0153027,0.014069,0.0194042,0.0211788,0.0184222,0.0100563,0.0075447,0.00932654,0.0112757,0.0163431,0.0206264,0.0224352
0.0100019,0.0131739,0.0148197,0.0203822,0.0191424,0.00762243,0.0044905,0.00698808,0.0110427,0.0136653,0.0216952,0.0216876
0.00892535,0.00983164,0.01262,0.0146672,0.0156088,0.00443639,0.00406015,0.00628139,0.00944211,0.0135089,0.0184414,0.0184189
0.0136235,0.0108291,0.0121176,0.0117849,0.0139994,0.00577037,0.00395685,0.0054735,0.0076687,0.00832075,0.0119819,0.0225075
0.00798428,0.00860905,0.0126886,0.0219048,0.0250547,0.010046,0.00478113,0.00776767,0.00812239,0.00805188,0.0136622,0.0192864
0.00768926,0.00555109,0.00842748,0.0246258,0.0270399,0.00719034,0.003491,0.00713983,0.00671681,0.00279667,0.016346,0.0232528
0.00848395,0.00566649,0.00882128,0.0280092,0.0299018,0.014289,0.0137194,0.0117744,0.00586668,0.0120057,0.0178241,0.0181738
0.0147301,0.00695844,0.00879409,0.0261828,0.045675,0.0233328,0.00822181,0.00907144,0.0112108,0.0132607,0.0172264,0.0297999
0.0114923,0.00751194,0.00884773,0.026998,0.0389788,0.013383,0.00528146,0.0097382,0.00757172,0.00836306,0.0219298,0.0279844
0.0110764,0.00835485,0.0100211,0.0268428,0.0299479,0.00807298,0.00564211,0.00831549,0.0104326,0.0110741,0.018645,0.0233925
0.0111647,0.0118356,0.0155571,0.024616,0.029427,0.0145543,0.00595476,0.00547981,0.00924896,0.0108745,0.0167733,0.0192504
0.0120196,0.0108526,0.00931836,0.0169195,0.0185738,0.0122826,0.0107805,0.0104524,0.0072661,0.0063641,0.015061,0.0214435
0.015279,0.0113926,0.0132044,0.0215685,0.0203146,0.0109012,0.00964326,0.00989809,0.00755303,0.00518753,0.020233,0.0262158
0.0132647,0.00575927,0.00617261,0.0207102,0.0234452,0.00925583,0.00729649,0.00978797,0.00643507,0.00431971,0.0191413,0.0263912
0.0168665,0.00909829,0.0121506,0.0202813,0.0220454,0.014587,0.00917128,0.0155574,0.0164442,0.0130109,0.0158697,0.0195953
0.0460379,0.0256871,0.0140684,0.0135451,0.0179384,0.0122083,0.0200354,0.0309509,0.0196596,0.00820058,0.00957011,0.0265035
0.0574016,0.0225364,0.00817095,0.00725159,0.0144745,0.00911929,0.0162733,0.0269579,0.0120919,0.00428159,0.00537186,0.0275401
0.0563613,0.0178824,0.0055801,0.00544112,0.0129192,0.00611835,0.0140133,0.0199615,0.00824788,0.0039941,0.00360916,0.0260062
0.0621732,0.0329265,0.0109995,0.0100175,0.0131202,0.0115352,0.0202463,0.0320567,0.0174565,0.00859854,0.0103981,0.0223511
0.0564592,0.0227969,0.00749311,0.00952977,0.0139363,0.0100595,0.0148026,0.0281523,0.016702,0.00844419,0.0101124,0.0293576
0.0428498,0.0135414,0.00675706,0.00428431,0.00570727,0.00548499,0.0157498,0.0230377,0.00888504,0.00557553,0.00398095,0.0212469
0.0397817,0.0164129,0.00897497,0.00943158,0.010096,0.00705872,0.0144353,0.0169578,0.00522346,0.00516332,0.00851232,0.0200359
0.0559563,0.0249561,0.0117465,0.0139043,0.0161548,0.0300591,0.027797,0.0198987,0.0210582,0.0234572,0.0233694,0.0340916
0.0548749,0.0208826,0.00652832,0.0104594,0.0200266,0.0181274,0.0202911,0.0343892,0.0201048,0.008275,0.0093752,0.0366518
0.0559125,0.0221663,0.00558854,0.00509598,0.0128248,0.0115134,0.0210682,0.027551,0.0110796,0.0110259,0.0100803,0.028377
0.0475872,0.0266845,0.0139514,0.0112808,0.0147692,0.00904451,0.0168082,0.0285593,0.0156575,0.00453787,0.00891444,0.0197899
0.0444019,0.0237285,0.0137099,0.0115824,0.0156971,0.00775089,0.0143004,0.0269419,0.0157783,0.00929214,0.0139845,0.0271707
0.0580053,0.0234091,0.00807656,0.00430567,0.00801948,0.00724548,0.0176193,0.0277504,0.0106212,0.00783423,0.0106165,0.0380816
0.0570079,0.0225422,0.00872032,0.0064719,0.00781409,0.00668874,0.0167731,0.0232531,0.0106014,0.00610277,0.00760943,0.0289419
0.0380846,0.0242423,0.0121823,0.00610695,0.0103286,0.0101789,0.0113631,0.021445,0.0166516,0.00850374,0.00845493,0.0111847
0.0658767,0.0304614,0.00883403,0.0135982,0.0257406,0.0150663,0.0180309,0.0321427,0.0129986,0.00895425,0.00987231,0.0320872
0.0590645,0.0208651,0.00775544,0.00812432,0.0147906,0.00803181,0.0167005,0.0310209,0.0140626,0.00288489,0.00370623,0.0339995
0.0521824,0.0196416,0.00946326,0.00990906,0.0192358,0.0148783,0.0182886,0.0285163,0.0133522,0.00469624,0.00867475,0.0285708
0.0439185,0.0265419,0.0129258,0.0107392,0.0213775,0.0214386,0.0168735,0.0285839,0.0182174,0.0118662,0.0156557,0.0232884
0.0359816,0.019931,0.00846105,0.0101764,0.0131368,0.018454,0.0261844,0.0216474,0.00697989,0.00842563,0.024241,0.038705
0.0223249,0.0108423,0.00807742,0.00993586,0.0124031,0.0160445,0.0156668,0.00946089,0.0068234,0.00851366,0.0234982,0.0289955
0.0358656,0.0147548,0.00782478,0.00702776,0.00873703,0.0117161,0.0183573,0.0192874,0.0100733,0.0106821,0.0206887,0.0398567
0.0167529,0.0163102,0.0106143,0.0150415,0.0224488,0.0199227,0.026582,0.0346695,0.0318114,0.0315155,0.0298663,0.0204007
0.014594,0.0105925,0.00851787,0.0109693,0.0270956,0.0138657,0.0110021,0.0185616,0.0340015,0.0370928,0.0114166,0.0128887
0.0147862,0.0109291,0.0113581,0.0128006,0.0204621,0.0169244,0.0199382,0.0273887,0.0220665,0.0307079,0.019692,0.0157369
0.0215259,0.0123286,0.00957408,0.00735196,0.0100942,0.0130274,0.0150112,0.0136464,0.0164334,0.0266018,0.0109427,0.0211982
0.023231,0.0162032,0.00858697,0.0131422,0.0173187,0.0171298,0.0238679,0.026995,0.0219415,0.0203179,0.0273923,0.0376919
0.0174072,0.00525128,0.00790237,0.0101921,0.00671239,0.0208062,0.0311327,0.0206165,0.0164636,0.0159178,0.0276703,0.0355679
0.0130271,0.00931237,0.0100648,0.0145444,0.0230754,0.0229743,0.014723,0.0239171,0.0236339,0.0269534,0.0213858,0.0303405
0.0281704,0.0220115,0.024012,0.0205723,0.0188644,0.0194444,0.0200373,0.0242258,0.0245821,0.0279798,0.0259981,0.0262838
0.0251652,0.0288011,0.0265121,0.0175086,0.00590906,0.00843844,0.0196179,0.0217269,0.0108494,0.0152019,0.0112322,0.0199945
0.00770719,0.0225756,0.0319519,0.0143518,0.00612436,0.00703638,0.0221451,0.0319313,0.0127311,0.00906819,0.0129612,0.0161151
0.00715569,0.0183075,0.0290225,0.0151231,0.00642475,0.00684847,0.0210463,0.0327263,0.0156249,0.00729538,0.00950007,0.0161178
0.0112401,0.0189747,0.027465,0.0116844,0.00948608,0.00854386,0.0229598,0.0260077,0.00619294,0.00572497,0.0115758,0.0181354
0.0063568,0.0167152,0.0268925,0.0122171,0.0080793,0.00986029,0.0263233,0.0321664,0.0118036,0.00546407,0.0107666,0.0145729
0.00454756,0.0135915,0.0219242,0.00900812,0.00387118,0.00662865,0.0252012,0.0308689,0.00847377,0.0044912,0.00794587,0.0106041
0.00724625,0.013435,0.0190459,0.00971615,0.00658304,0.0099714,0.0240458,0.0293261,0.013297,0.00440545,0.00638429,0.00975572
0.0175738,0.0247117,0.0230535,0.0249318,0.0198594,0.030241,0.0412418,0.0377836,0.0275902,0.0212899,0.0146471,0.0147895
0.0119448,0.0189862,0.0273191,0.00802926,0.0169952,0.022422,0.0338551,0.0348121,0.0160305,0.0139592,0.00771852,0.0161247
0.00956314,0.016415,0.0281834,0.0115699,0.00826679,0.00712808,0.0225321,0.0321947,0.0129803,0.00723835,0.0104914,0.0175827
0.0079314,0.0164469,0.0271825,0.0121358,0.00670012,0.0136982,0.0238556,0.0294357,0.0146776,0.0080278,0.0076009,0.00912983
0.00822476,0.0188561,0.0264528,0.011801,0.00626007,0.0113661,0.0343853,0.0406758,0.0175175,0.00629347,0.0102847,0.014601
0.00344056,0.0142013,0.0232709,0.0100854,0.00435651,0.00662667,0.0321389,0.0422524,0.0145987,0.00407857,0.00778017,0.00976084
0.0055376,0.0107904,0.0179372,0.00816231,0.00483533,0.00720683,0.0305925,0.0365153,0.00930592,0.00611287,0.00854699,0.0113072
0.0132694,0.0110632,0.0197457,0.0144014,0.00934936,0.0111982,0.0207618,0.0313727,0.0135011,0.0100441,0.0121195,0.0112399
0.015907,0.0172098,0.0220389,0.0163487,0.013776,0.0171702,0.0274783,0.0275872,0.0163749,0.0115252,0.0141175,0.0209022
0.0094936,0.0126658,0.0219846,0.0113462,0.00709803,0.00985296,0.0295348,0.0324381,0.00960638,0.00588641,0.00463182,0.0114318
0.00897106,0.0111472,0.0187399,0.0134496,0.00646947,0.00769823,0.0243538,0.0270723,0.0116314,0.00594251,0.00458046,0.00801854
0.0262388,0.0221507,0.0167767,0.0113946,0.0192498,0.0198559,0.0248273,0.0253833,0.0173093,0.0159637,0.0176151,0.0203818
0.0160703,0.0237571,0.0318467,0.0186956,0.0105171,0.0107059,0.0260462,0.0303852,0.0144534,0.0082733,0.0124254,0.0129768
0.00809225,0.0164068,0.0247244,0.0109396,0.00483601,0.0100349,0.0299287,0.0370333,0.0147268,0.00787964,0.00929939,0.0132076
0.0111744,0.0100059,0.0148645,0.0115476,0.005142,0.00694056,0.0269304,0.0361079,0.0161105,0.00782693,0.00682671,0.0103606
0.0185776,0.0198154,0.0363292,0.0323781,0.0256027,0.0274746,0.0391065,0.0416329,0.029776,0.0266436,0.0271921,0.0239041
0.00886388,0.0223962,0.0373189,0.0150337,0.00853468,0.0161997,0.0318552,0.0395967,0.015803,0.00842769,0.0114005,0.0135525
0.00794317,0.0171974,0.0291195,0.014422,0.0101488,0.0144518,0.0209996,0.0368162,0.0197887,0.00817077,0.00906023,0.0132315
0.0139379,0.0210313,0.027345,0.0162143,0.00889474,0.0137745,0.0173201,0.0316959,0.0193463,0.00939127,0.00806562,0.0138527
0.00769813,0.0188646,0.0297496,0.0129665,0.00695859,0.0100196,0.0271114,0.0346361,0.0156634,0.00837448,0.0101128,0.0139674
0.00632843,0.0143157,0.0220764,0.0107425,0.00615752,0.00808776,0.0296474,0.0395795,0.0122401,0.0060471,0.00755333,0.0113102
0.0112839,0.0137956,0.015464,0.0108172,0.00790326,0.0106055,0.022966,0.0304356,0.0164773,0.0101375,0.0125054,0.0151504
0.0148402,0.0103594,0.0165118,0.0177855,0.0187134,0.0130289,0.0160619,0.022692,0.0159051,0.0176267,0.0103606,0.0107491
0.0259569,0.0224581,0.0140372,0.010975,0.0119401,0.0143685,0.0210033,0.0314067,0.0197613,0.0170759,0.0174452,0.0233149
0.0170842,0.019854,0.0267591,0.0154996,0.00725164,0.0148176,0.0238524,0.0208606,0.00758659,0.00811933,0.0252085,0.0311602
0.0151887,0.0155063,0.020417,0.0130375,0.00679257,0.0138946,0.0204482,0.0183726,0.0104266,0.00996433,0.0262632,0.0300658
0.0141082,0.00763279,0.0142844,0.0086832,0.00385839,0.015136,0.0266504,0.0166331,0.00593556,0.00662396,0.0231335,0.0297902
0.0126781,0.00494628,0.00711618,0.00804076,0.0053194,0.0114497,0.0229647,0.0143792,0.00531458,0.0037072,0.0180999,0.028161
0.0135286,0.00503758,0.00532952,0.00553834,0.00255044,0.0174418,0.0290557,0.0126377,0.0057931,0.00926424,0.0147928,0.0209581
0.0170671,0.00989446,0.00824238,0.00789053,0.0078149,0.0163025,0.0180248,0.0162345,0.011519,0.0111161,0.016042,0.0250325
0.0146706,0.0102894,0.00591801,0.00672794,0.00915866,0.0119069,0.0247363,0.0186672,0.0129958,0.0115144,0.0280282,0.0299361
0.020197,0.0213358,0.0203564,0.0108811,0.0171481,0.0280477,0.0299867,0.0158224,0.0214439,0.0210931,0.0302078,0.0308961
0.0153836,0.0133877,0.0202294,0.0118495,0.0113151,0.00723593,0.023012,0.0170243,0.0104148,0.0123191,0.0127018,0.0303826
0.0163973,0.0131154,0.0160938,0.0126968,0.00853036,0.0131303,0.0244612,0.017745,0.0100645,0.00940656,0.0211789,0.0263719
0.0133752,0.00534388,0.0110117,0.00632008,0.00409051,0.0127334,0.0241588,0.0159465,0.00959515,0.0103905,0.0187247,0.0272203
0.01333,0.0124891,0.0147664,0.00919222,0.004637,0.0122975,0.0217558,0.0124302,0.00739277,0.00891584,0.0149483,0.0220041
0.0178959,0.00852496,0.0111235,0.00451252,0.00294375,0.00896502,0.014224,0.0143995,0.00816821,0.010867,0.00732701,0.0204674
0.0147657,0.0124541,0.0126574,0.00747568,0.00440058,0.0144794,0.0187767,0.0154207,0.0128348,0.00859262,0.0211241,0.0259279
0.0166261,0.0118558,0.0166941,0.0130711,0.0119396,0.011803,0.0230217,0.0236804,0.0138804,0.014652,0.0314695,0.0351163
0.0173986,0.010864,0.0148458,0.0148954,0.00757791,0.0185585,0.0333141,0.0159729,0.00572461,0.00717227,0.0159825,0.02918
0.0178168,0.0138512,0.0137042,0.00830262,0.00793001,0.0163478,0.0301251,0.0147949,0.00818521,0.00889434,0.015852,0.0265228
0.0132738,0.0123193,0.0148385,0.0141616,0.0133282,0.0257215,0.03447,0.013714,0.00936787,0.0108837,0.0261441,0.0333347
0.0159139,0.0114306,0.0105658,0.010962,0.0103644,0.0199166,0.0297536,0.00971069,0.00562039,0.00716514,0.0191957,0.0269869
0.0120036,0.0106969,0.0128606,0.0106241,0.00959741,0.00933648,0.0173825,0.0123423,0.00653209,0.00633157,0.020141,0.0256794
0.0183249,0.0109363,0.0086716,0.00647982,0.00589519,0.010782,0.0137347,0.0167844,0.00894393,0.00730596,0.0178962,0.0187312
0.0107631,0.0101192,0.0113993,0.00944779,0.00860785,0.0151145,0.0207626,0.0168061,0.00935983,0.0115608,0.0175362,0.015697
0.0121914,0.0100672,0.015245,0.0148638,0.0218539,0.0295789,0.027738,0.022822,0.0260989,0.0208434,0.0265136,0.0310141
0.01486,0.0102972,0.0132664,0.0104437,0.0120463,0.021372,0.02674,0.00851607,0.012666,0.01904,0.0263299,0.0337138
0.0147407,0.0100472,0.0123859,0.00931609,0.00988512,0.0149491,0.023159,0.0106111,0.00759291,0.00788648,0.0141232,0.0248393
0.0107053,0.0106998,0.0109401,0.00499209,0.00669531,0.0124242,0.022101,0.0120134,0.0111553,0.0125345,0.0186382,0.0236378
0.0123701,0.00779138,0.0100648,0.00622442,0.00763418,0.018166,0.0266594,0.0107288,0.00440255,0.00756038,0.0200038,0.0241836
0.0113354,0.00767378,0.0110575,0.00735821,0.00908798,0.0182868,0.0257513,0.0123899,0.00471794,0.00833058,0.0194003,0.0252278
0.0139333,0.00536822,0.0102291,0.00969349,0.0101637,0.0175271,0.0228775,0.00847507,0.00555242,0.00893131,0.0188476,0.0274173
0.0210812,0.0135263,0.0154303,0.0129537,0.0142891,0.0160752,0.0177312,0.0174966,0.00921901,0.015336,0.0201799,0.0345167
0.0213822,0.0131341,0.0113014,0.0273137,0.0240184,0.0151898,0.0169245,0.0209957,0.0196961,0.0170797,0.0309143,0.0362336
0.00942049,0.00916368,0.0132532,0.0278881,0.0362435,0.0146253,0.00956715,0.0146108,0.0132479,0.00725816,0.0159095,0.0210706
0.0122689,0.00830246,0.0139215,0.0267924,0.0323667,0.0126878,0.00688866,0.00974653,0.0097558,0.00608791,0.0142778,0.0214012
0.0092962,0.00696574,0.0120806,0.0223621,0.024938,0.0122896,0.00457614,0.00456226,0.00891621,0.00745397,0.0158566,0.0243722
0.0117527,0.00930965,0.0133318,0.0190244,0.0249556,0.0112097,0.00837919,0.00866379,0.00942877,0.00873177,0.0224105,0.0307337
0.00936262,0.00462693,0.00717203,0.0209149,0.0256592,0.00816188,0.00836693,0.0118635,0.00800583,0.00506021,0.0211322,0.0300663
0.00750462,0.00398643,0.00590149,0.0206359,0.0254002,0.0110425,0.00917129,0.0106032,0.00842889,0.0051108,0.0170805,0.0227678
0.0118529,0.00992285,0.00779987,0.0165804,0.0255146,0.0101217,0.0112517,0.0146866,0.0165038,0.0159849,0.0211804,0.0222548
0.0182238,0.0115241,0.0144248,0.0218859,0.0290488,0.0248885,0.0170405,0.0187191,0.0258424,0.0176457,0.0213988,0.0327485
0.0102025,0.00421253,0.0100677,0.019767,0.0216233,0.0127912,0.00920048,0.0193877,0.0195103,0.0085772,0.0155882,0.0216999
0.00902689,0.00657388,0.00965243,0.0212591,0.0275878,0.0139687,0.00863321,0.0136425,0.0142149,0.00595326,0.0182301,0.0287306
0.0102657,0.00913589,0.011872,0.0126644,0.0217778,0.0153247,0.00863086,0.0105456,0.00847472,0.010986,0.0116472,0.0175995
0.00773652,0.0100377,0.0148757,0.0169442,0.025484,0.011943,0.00523517,0.0115136,0.0133005,0.00817366,0.0135892,0.0209877
0.00761093,0.00476038,0.00878238,0.0192931,0.0215368,0.00683767,0.00780973,0.0113826,0.0133755,0.00742727,0.0155725,0.0231391
0.0123403,0.011497,0.0172388,0.0191526,0.0223546,0.00938415,0.0178031,0.0170811,0.0135229,0.0068588,0.019683,0.0273556
0.017031,0.0104617,0.012123,0.0223402,0.0297147,0.0190283,0.0141278,0.0164464,0.0143828,0.0099564,0.0180675,0.0226911
0.0155545,0.0125712,0.0135627,0.0221144,0.0289109,0.0112923,0.015612,0.014982,0.0122786,0.00849383,0.0171702,0.025503
0.0132924,0.0111618,0.013676,0.0223916,0.0289028,0.012688,0.0107522,0.0121875,0.0116094,0.00685642,0.0174672,0.0306372
0.0253076,0.0153643,0.0167567,0.0202344,0.0172539,0.0150416,0.0156286,0.021404,0.0215271,0.0178495,0.0257233,0.0370954
0.0183671,0.00920456,0.0155284,0.0169828,0.00936682,0.0168201,0.0164406,0.0198222,0.0201184,0.0189199,0.0170458,0.0190704
0.0159435,0.0110281,0.0137525,0.0242207,0.0264607,0.0109148,0.010161,0.0149795,0.0140326,0.00733701,0.0200188,0.0296997
0.011438,0.0100662,0.0120565,0.0235559,0.025813,0.00942222,0.00586008,0.01494,0.0155607,0.00719236,0.0209859,0.029123
0.0143157,0.0105608,0.0140202,0.0228964,0.0311208,0.0198363,0.0153004,0.0157458,0.0131371,0.0150034,0.0188125,0.024875
0.0195134,0.0128982,0.0174653,0.0222473,0.0282555,0.032985,0.0204411,0.0123578,0.0142616,0.0197398,0.0229219,0.0254019
0.0153511,0.0100018,0.0145351,0.0201035,0.0286839,0.0105712,0.00849279,0.0130834,0.0156943,0.0108627,0.0291155,0.0371243
0.0113547,0.00570862,0.00984281,0.0216793,0.0320999,0.0139693,0.00711817,0.0147658,0.0166524,0.00788897,0.02085,0.0331674
0.0140537,0.0117263,0.00999314,0.0218568,0.0294445,0.0108623,0.0109744,0.0128632,0.0185208,0.0154343,0.0157887,0.023132
0.0127701,0.0101424,0.015533,0.0273691,0.0306345,0.01191,0.00825185,0.0132283,0.0153467,0.0138553,0.019876,0.0259564
0.00945861,0.00686859,0.0127549,0.0282671,0.0343916,0.0120959,0.00629124,0.0147668,0.015319,0.0059679,0.0194985,0.0267654
0.0142347,0.0113165,0.0174501,0.0253758,0.031572,0.0157069,0.0117294,0.0178707,0.0162794,0.0120714,0.0178003,0.0220463
0.0400269,0.0279107,0.0167266,0.0186013,0.0220334,0.022595,0.0242174,0.0220473,0.0139361,0.0189015,0.0191471,0.0302342
0.0522706,0.0269474,0.00973672,0.0133918,0.0216608,0.0148497,0.0224143,0.0303707,0.0147422,0.0112791,0.0112768,0.0290406
0.0561668,0.0222733,0.00966363,0.00941483,0.0145935,0.00800753,0.0112357,0.026156,0.0136893,0.00387802,0.00617335,0.0311842
0.049429,0.020757,0.00725683,0.00629595,0.0113363,0.0086473,0.0141442,0.0244083,0.00859555,0.00333169,0.00806879,0.0223831
0.0372936,0.0152956,0.011604,0.0114763,0.0141999,0.0100978,0.0142794,0.0219984,0.0170909,0.00951469,0.00883173,0.0221201
0.0457561,0.0202949,0.00569424,0.00597395,0.00871941,0.00555733,0.0119547,0.0213613,0.00955234,0.00413167,0.00620245,0.0296847
0.0453978,0.0168196,0.00334399,0.00586609,0.0104495,0.00715378,0.011507,0.0219927,0.00965585,0.00409448,0.00451902,0.0254962
0.0445312,0.0200632,0.00635876,0.00827926,0.0144996,0.0135636,0.00890247,0.0199755,0.0160271,0.00996669,0.0111327,0.0243807
0.0476519,0.0308041,0.0172034,0.021085,0.0262012,0.0228978,0.0178672,0.017729,0.0161385,0.0176335,0.0145314,0.0177181
0.0627367,0.0260129,0.00873669,0.0155827,0.0230099,0.0112444,0.0168688,0.0204969,0.0113708,0.00856903,0.00981174,0.0275893
0.0610115,0.0235887,0.00580737,0.00610589,0.0120767,0.00767314,0.0102995,0.0217194,0.0145783,0.00590448,0.00487554,0.0277421
0.0551777,0.029275,0.0106885,0.010265,0.0192081,0.0118594,0.0115117,0.0230662,0.0131388,0.00802263,0.00758768,0.0283192
0.0510649,0.0308134,0.0128783,0.00589265,0.0111326,0.0098822,0.0158891,0.0187436,0.0134933,0.0107584,0.0140553,0.0316548
0.053321,0.022421,0.00627885,0.00687519,0.0130276,0.00791552,0.0140901,0.0231515,0.0106519,0.00561696,0.00734842,0.0300067
0.0459808,0.0212457,0.00924243,0.00977559,0.0126049,0.0089661,0.020054,0.0318773,0.015892,0.0104599,0.00933461,0.0223258
0.0374412,0.0233008,0.0126918,0.0162246,0.0181125,0.0160615,0.0216194,0.0302408,0.0198928,0.014574,0.0156627,0.0214596
0.0456665,0.0101731,0.0119014,0.0152995,0.0216632,0.0151042,0.0243019,0.0332176,0.0172596,0.0119817,0.0106588,0.0317795
0.063932,0.028336,0.0110115,0.009356,0.0179533,0.0106672,0.0161709,0.0270272,0.0140849,0.00500377,0.00435767,0.0345421
0.044794,0.0194805,0.0120989,0.0138778,0.0215457,0.0145429,0.0175201,0.0216608,0.0161719,0.0129221,0.0123357,0.0294714
0.0253156,0.0113531,0.00771782,0.0120359,0.0186431,0.0199484,0.0199538,0.0210833,0.0175045,0.0183272,0.0155282,0.0264206
0.0294538,0.0141634,0.00860311,0.0117277,0.0119291,0.0174608,0.0247758,0.0174769,0.00936648,0.00839372,0.0346736,0.0495649
0.0240928,0.00958056,0.0111349,0.00841154,0.0116902,0.016857,0.0205285,0.0187291,0.00645063,0.006041,0.0294542,0.0463006
0.0229988,0.012454,0.00785596,0.00536362,0.00848861,0.0147076,0.0184343,0.0116344,0.00420169,0.00641822,0.0227578,0.0302699
0.0224075,0.0122005,0.0132232,0.0187842,0.0375809,0.0374558,0.0276788,0.0292541,0.0333125,0.0415787,0.0319637,0.0217849
0.0112677,0.00820333,0.0100229,0.0180111,0.0317852,0.014599,0.012622,0.0180872,0.0281942,0.0347644,0.0116759,0.00830262
0.0253252,0.0179652,0.0132918,0.0254034,0.0395085,0.0285177,0.0195593,0.0263974,0.0384459,0.0406944,0.023758,0.0160234
0.0219243,0.0104179,0.0103819,0.00929098,0.01887,0.0117616,0.00944085,0.0151621,0.0172495,0.0320129,0.0234763,0.0199398
0.0245398,0.0158334,0.0105991,0.0145632,0.0279347,0.0313261,0.0213779,0.0147895,0.0239628,0.0287858,0.0253901,0.0367321
0.0201975,0.00864767,0.00884353,0.0109173,0.0141093,0.0182649,0.0149236,0.0142818,0.0143131,0.0150132,0.0249867,0.0318098
0.0142904,0.0133219,0.0124401,0.00951044,0.00792425,0.0132759,0.0220177,0.0167108,0.0117663,0.0185575,0.0283742,0.0220874
0.0361136,0.0341007,0.0259505,0.0216385,0.0223589,0.0251761,0.0264089,0.0257624,0.0265053,0.0302356,0.0241844,0.0245724
0.0256663,0.026126,0.023127,0.0153716,0.00739799,0.0106877,0.0218357,0.0223302,0.0158735,0.00998496,0.00924715,0.0182109
0.0111778,0.0221934,0.0327737,0.0175768,0.00976664,0.0114798,0.0282545,0.0402966,0.0177047,0.00691017,0.0115065,0.0184308
0.00877023,0.0198644,0.027082,0.0122178,0.00429413,0.0089834,0.029617,0.0407414,0.0154085,0.00623147,0.0116226,0.014322
0.0136227,0.0165742,0.0223986,0.0161566,0.0058764,0.0121721,0.0283568,0.0316467,0.0143986,0.00720642,0.0080364,0.013685
0.00900269,0.0236021,0.0326681,0.0148779,0.00661921,0.0120757,0.0288792,0.0327046,0.0145272,0.0057923,0.00814573,0.0106789
0.00697324,0.0236975,0.0371279,0.0144605,0.00283925,0.00689694,0.0272117,0.0338829,0.0121583,0.00375342,0.00768357,0.01239
0.00520136,0.0183258,0.0270615,0.0115269,0.00543284,0.0068972,0.0235933,0.0358008,0.0122137,0.00473149,0.0065327,0.0127341
0.0125351,0.0241498,0.0315454,0.0221687,0.0261939,0.0344038,0.045474,0.0422657,0.032436,0.0271771,0.0207058,0.0159403
0.0117325,0.0237019,0.0289326,0.00868079,0.0143466,0.014888,0.0292488,0.0379517,0.0207674,0.011729,0.0139153,0.0209581
0.00584492,0.017027,0.0306801,0.0138305,0.0151077,0.0188391,0.0312638,0.0346196,0.0145041,0.00700682,0.0067816,0.0113708
0.00935151,0.01493,0.0255382,0.0132284,0.0108468,0.01247,0.0181529,0.0278763,0.019405,0.0122155,0.00864138,0.0111227
0.0119201,0.0174837,0.0267138,0.0133821,0.00701294,0.0124721,0.0222844,0.0363854,0.0172064,0.00740306,0.00839863,0.014645
0.00479519,0.0158364,0.0252505,0.0111539,0.00550364,0.00769648,0.0296675,0.0387199,0.0123638,0.00811006,0.0119478,0.0123668
0.00499944,0.0116801,0.0195888,0.00764205,0.00599137,0.00596154,0.0322461,0.0430592,0.0153911,0.00673496,0.00664696,0.0118084
0.0132409,0.0165573,0.0276169,0.0166213,0.0112403,0.0160608,0.037766,0.0424575,0.0215694,0.0154718,0.0174898,0.0228219
0.00892114,0.00823615,0.0215302,0.0108517,0.00913113,0.00954148,0.0234666,0.0389223,0.0229433,0.0148024,0.0117086,0.00980324
0.0103819,0.0160831,0.0220772,0.0105456,0.00682909,0.00752654,0.0194024,0.0347874,0.0123959,0.00497998,0.00568268,0.010256
0.0150874,0.0141816,0.0181072,0.0124431,0.00670451,0.0121975,0.021764,0.0269276,0.0110505,0.00794802,0.0118164,0.0151995
0.0243184,0.0133004,0.0155846,0.0129583,0.013609,0.0248891,0.0309281,0.0271035,0.0167865,0.0204957,0.0242789,0.029812
0.0151025,0.0164551,0.013607,0.0103813,0.00957147,0.0116967,0.020388,0.0277045,0.0152112,0.011596,0.00959219,0.0158428
0.00925435,0.0170925,0.019535,0.0077786,0.00679517,0.00896981,0.0295418,0.0381351,0.0130083,0.00779292,0.0106598,0.0133713
0.00657967,0.015786,0.020121,0.00746881,0.00682427,0.00994568,0.0236607,0.0386035,0.0180835,0.005791,0.00866072,0.0129864
0.0134169,0.020723,0.0256153,0.0217196,0.0279507,0.0390923,0.0351803,0.0518969,0.0380913,0.024357,0.0169865,0.0163424
0.0141305,0.0195155,0.0288679,0.0142748,0.0169209,0.023382,0.0260409,0.0401289,0.0155424,0.0117898,0.0154713,0.0230448
0.0152666,0.0196064,0.0305734,0.0111913,0.0081783,0.0116083,0.0343474,0.0424965,0.0168729,0.0116622,0.0131328,0.0239032
0.00924044,0.0104901,0.019498,0.0107977,0.00556599,0.0134281,0.0270882,0.0313586,0.0202701,0.0111659,0.0077428,0.0146128
0.0148536,0.0118994,0.0189105,0.0139545,0.00999573,0.0159192,0.0276119,0.0264069,0.0176662,0.011969,0.0105417,0.0169013
0.00575555,0.0180329,0.026682,0.0107533,0.00856404,0.0100971,0.0309598,0.0444247,0.0175978,0.00655299,0.0121423,0.0149296
0.00941809,0.0164907,0.0218399,0.0124016,0.00981647,0.00925068,0.0280283,0.0444966,0.0235536,0.0114889,0.00988657,0.0137407
0.0181391,0.0172958,0.0167418,0.020281,0.0164504,0.0172793,0.0299775,0.0395826,0.0200556,0.0237022,0.0132342,0.0135351
0.0270692,0.0275004,0.0330146,0.0261081,0.0233191,0.02531,0.0182375,0.0213852,0.0143732,0.0225801,0.0251583,0.0190252
0.0153242,0.0100786,0.0158166,0.0127808,0.00928333,0.0171798,0.0224147,0.0200737,0.0138676,0.0178733,0.0308256,0.0346273
0.0170823,0.01559,0.0196346,0.0125299,0.00815005,0.0138596,0.0314408,0.0305691,0.0108479,0.00887629,0.0234674,0.0339902
0.0123428,0.0190054,0.0220568,0.0109235,0.00645113,0.0135732,0.0300278,0.0277725,0.0131284,0.00955722,0.0262202,0.0318272
0.0183017,0.00642823,0.010575,0.0092951,0.00372036,0.0141513,0.0302804,0.0257973,0.0101442,0.00695073,0.0246491,0.0351163
0.0169459,0.0103801,0.00883881,0.00541702,0.00556883,0.0237686,0.0454165,0.027934,0.00942873,0.00961962,0.0255582,0.0359466
0.0197781,0.00936873,0.0102779,0.00574591,0.0032558,0.0204617,0.0350547,0.0156742,0.00570284,0.00720967,0.0244134,0.0322889
0.0243613,0.0150518,0.0129966,0.0152197,0.01733,0.0246989,0.0228704,0.0185499,0.019541,0.0294368,0.0234458,0.0267001
0.0205662,0.0150212,0.0221831,0.0146407,0.0187926,0.0277149,0.0306123,0.025039,0.0190349,0.0147753,0.0289713,0.0354503
0.0208816,0.010672,0.0213401,0.0168835,0.0103368,0.0133072,0.0218353,0.0181915,0.0121728,0.0126042,0.0298538,0.0433219
0.0172325,0.00892887,0.0151143,0.0075324,0.00369828,0.00873705,0.0230355,0.0226558,0.0154426,0.0143943,0.0268786,0.0371197
0.0152086,0.0113075,0.0126452,0.00519382,0.00848499,0.00634231,0.0192431,0.0273972,0.0127115,0.0178266,0.0226525,0.0194204
0.0138054,0.0131051,0.016462,0.0109199,0.00638025,0.010065,0.019877,0.0197826,0.0132203,0.0126657,0.0224013,0.0289913
0.0121061,0.0085805,0.0133376,0.00664628,0.0040564,0.0146118,0.0204225,0.0193611,0.0109072,0.0065481,0.0199392,0.0301395
0.0213326,0.0174369,0.0200295,0.0113358,0.0111114,0.0137789,0.0176656,0.014868,0.0153659,0.0128691,0.0208558,0.0335157
0.0207969,0.0164583,0.0188942,0.0119813,0.00890992,0.0165996,0.0225662,0.0169781,0.0118676,0.0146701,0.0183671,0.0303734
0.0196137,0.0108962,0.0148963,0.0127565,0.009566,0.0175117,0.0232537,0.0108854,0.007752,0.0137117,0.026585,0.0347159
0.0160751,0.0106022,0.0135399,0.00797335,0.00686757,0.0122038,0.0206071,0.0131675,0.00525006,0.00833483,0.0271401,0.0372949
0.0265631,0.01978,0.0149265,0.0117614,0.0130219,0.0254506,0.0301821,0.0167067,0.0131333,0.0124307,0.0238941,0.0331438
0.015063,0.0149354,0.0128817,0.0103286,0.00913197,0.0153852,0.016197,0.021051,0.017749,0.0133638,0.0149707,0.0134355
0.0161332,0.0143562,0.0148016,0.00896329,0.00719595,0.0139748,0.0234418,0.019618,0.0117884,0.0148721,0.0276334,0.0350286
0.0176883,0.0133602,0.0112216,0.00556551,0.00481914,0.0164024,0.0255193,0.0076678,0.00960539,0.0143865,0.0286003,0.0358968
0.0184678,0.0116532,0.0200768,0.0237086,0.0208979,0.0245548,0.0345448,0.0335357,0.0259807,0.0267216,0.0381654,0.0394976
0.0202484,0.0163869,0.00722344,0.0118368,0.0184976,0.0171585,0.0180233,0.0172746,0.0171691,0.0201003,0.0177949,0.0126341
0.0172532,0.0079975,0.0153776,0.012604,0.0115254,0.0167579,0.0264492,0.0149907,0.0131438,0.0173762,0.0242503,0.0322632
0.017369,0.010017,0.0107883,0.00604037,0.00332083,0.0122735,0.020961,0.0106557,0.00931032,0.013287,0.0216624,0.0320403
0.0195105,0.00780424,0.0107109,0.00716242,0.00859185,0.0185533,0.0227929,0.0178979,0.0132506,0.0142449,0.017792,0.0299548
0.0189793,0.00925875,0.00894366,0.0070378,0.00775959,0.020722,0.0347069,0.0157138,0.0119496,0.0145774,0.0251436,0.0317688
0.015119,0.00846583,0.00874028,0.00683675,0.00870821,0.0162893,0.028996,0.0105742,0.00978727,0.0113177,0.0269612,0.0321313
0.014987,0.00689072,0.0128067,0.010463,0.00770963,0.0156129,0.0254397,0.0157106,0.00762667,0.00820661,0.0248099,0.0319905
0.0205766,0.0187285,0.0267941,0.0210071,0.0168812,0.0153926,0.0265307,0.016679,0.0106429,0.00988988,0.0240597,0.0359251
0.0237702,0.0257746,0.026176,0.0306905,0.0219808,0.0150885,0.0176978,0.0125441,0.0189284,0.0177851,0.0244436,0.0206488
0.0105329,0.0162958,0.0175522,0.0344266,0.0411501,0.0176144,0.0127071,0.016032,0.0118869,0.00842619,0.0164693,0.0262721
0.0141411,0.0117916,0.0128555,0.0306154,0.0433656,0.0216392,0.0123942,0.0116476,0.0136771,0.00939026,0.0222826,0.0371575
0.0141046,0.00998217,0.0105446,0.0239372,0.0379796,0.0185612,0.014177,0.011228,0.0105242,0.00825324,0.0212237,0.0285781
0.00997876,0.00804818,0.0103827,0.024987,0.0380713,0.0144255,0.00647328,0.0101096,0.0118163,0.00732247,0.0185153,0.0274394
0.00823563,0.00680774,0.0130177,0.0270039,0.0372534,0.0108919,0.00813568,0.0115035,0.0127576,0.00838488,0.0162354,0.0251794
0.00980884,0.00604161,0.00983327,0.0246511,0.0337435,0.0132945,0.0099405,0.0140142,0.011834,0.00939257,0.0191748,0.0265917
0.0174943,0.0137482,0.0251529,0.02529,0.0254937,0.0233034,0.0234579,0.0393741,0.0375105,0.0240472,0.0198496,0.0181771
0.016503,0.00982766,0.0118604,0.028546,0.0300441,0.0138624,0.0123841,0.0204747,0.0211658,0.0177734,0.0317859,0.0398052
0.0121442,0.0091088,0.0120611,0.0234778,0.0329901,0.0142971,0.00673797,0.013536,0.0156461,0.00728847,0.0228101,0.0347773
0.0146998,0.00796377,0.0131137,0.0240014,0.0277743,0.0123158,0.0063597,0.0105211,0.0122325,0.00980095,0.0187556,0.0344303
0.0143528,0.00952534,0.0149031,0.0179267,0.0280396,0.0206021,0.0102831,0.0105701,0.0145832,0.00997774,0.0179738,0.0282018
0.0107094,0.00783544,0.0124531,0.0260127,0.0360836,0.0132325,0.00658376,0.0118997,0.0135792,0.00725116,0.0199255,0.0307417
0.00836255,0.00456436,0.00872118,0.0315953,0.0407052,0.0157574,0.0114386,0.0145432,0.0111762,0.0074569,0.019651,0.0263131
0.0150024,0.00810674,0.0132867,0.0294592,0.0330848,0.0210359,0.0191836,0.0207821,0.0138049,0.00989613,0.0109586,0.0234146
0.0199408,0.0142402,0.013961,0.0196955,0.0216425,0.0084677,0.016552,0.020026,0.0162828,0.0167192,0.0186767,0.0309987
0.0155842,0.0139445,0.0147117,0.0244339,0.0288087,0.0129014,0.0119406,0.0168475,0.0190131,0.0132332,0.0223234,0.0321808
0.0139096,0.0145818,0.0186599,0.0269735,0.0254752,0.011137,0.0131926,0.0138609,0.0147584,0.0121384,0.0213276,0.0270874
0.0199834,0.017919,0.0169885,0.0269036,0.0261984,0.0197933,0.0256253,0.0198245,0.0144169,0.0224593,0.0248277,0.0248135
0.0183667,0.0230546,0.0262561,0.0230091,0.0213385,0.0192181,0.0167607,0.0168604,0.0141461,0.0119462,0.0230842,0.0305414
0.0121951,0.0133404,0.0164253,0.0232796,0.028067,0.0158076,0.0199886,0.017477,0.0134783,0.00829969,0.0159758,0.0252991
0.00991537,0.00881806,0.0125402,0.0213394,0.0284126,0.0131095,0.0134069,0.0167336,0.0134491,0.00763069,0.0219329,0.0358067
0.0237119,0.0104128,0.0149147,0.0224445,0.0290779,0.0206072,0.0136697,0.0200951,0.0148848,0.0190045,0.023625,0.0357852
0.0184891,0.00915632,0.0217386,0.0370868,0.0372668,0.0216485,0.0161707,0.0170388,0.0163522,0.0169599,0.0252477,0.0320258
0.0158707,0.011715,0.0213931,0.0304815,0.0322405,0.0126598,0.0100379,0.0137037,0.0145141,0.0125572,0.0256595,0.0383007
0.0156971,0.00622246,0.00768114,0.0244464,0.0290402,0.0131291,0.0106208,0.0107776,0.0146793,0.0162354,0.021376,0.0279456
0.0164888,0.011123,0.0211374,0.0279887,0.0191261,0.0135077,0.0115698,0.0159661,0.0187952,0.0185646,0.0205203,0.0294846
0.0139889,0.00930878,0.0133652,0.0233462,0.0272859,0.0106389,0.0104257,0.0142837,0.0141193,0.00794983,0.0253661,0.0383011
0.0123475,0.00918583,0.012665,0.0266609,0.0295212,0.00913986,0.00558232,0.0128659,0.0131786,0.00905619,0.0246907,0.0352974
0.0153272,0.0146138,0.0222096,0.0201268,0.0258278,0.013564,0.00792142,0.0160016,0.0132363,0.010424,0.0239381,0.0319353
0.0389717,0.0253558,0.0160138,0.0183003,0.0183985,0.0266002,0.0288283,0.0210279,0.0120123,0.0163154,0.0250073,0.0397585
0.0528577,0.0198967,0.00951944,0.0119174,0.0196866,0.0119884,0.0151308,0.0264207,0.0104847,0.00666031,0.00590164,0.0304176
0.0514405,0.0128525,0.0113386,0.0140512,0.0193384,0.0114894,0.0155221,0.0247773,0.0123958,0.00702359,0.0061775,0.0298585
0.0500067,0.0233449,0.0118132,0.0075653,0.0115265,0.00815583,0.0108455,0.0157673,0.0107623,0.00622414,0.00896775,0.026045
0.0552455,0.0265139,0.00991674,0.00661864,0.0139486,0.0102033,0.0106938,0.0169549,0.0110759,0.00760139,0.0104901,0.0285993
0.0553622,0.020081,0.00589033,0.00725053,0.0103682,0.00503659,0.0104766,0.0166692,0.00742946,0.0022166,0.00541813,0.0293743
0.0510541,0.0171633,0.00539751,0.00508713,0.00733958,0.00401423,0.00882388,0.013932,0.00692465,0.00317275,0.00613055,0.0253246
0.0371572,0.0195484,0.00918818,0.00809087,0.0137842,0.00731473,0.0052783,0.0136021,0.0070156,0.00583063,0.00634635,0.0184749
0.0373249,0.0214012,0.0204257,0.0127033,0.0227086,0.0216527,0.0190761,0.039627,0.0294355,0.0177832,0.0152044,0.0234324
0.0570244,0.0207651,0.00667258,0.00967187,0.0196949,0.0160004,0.0149096,0.0273592,0.0136307,0.00726334,0.00614147,0.0310996
0.0551706,0.0245966,0.0103319,0.0093966,0.0130234,0.00727419,0.0115714,0.0234654,0.0153049,0.00863243,0.00797787,0.027707
0.0291839,0.0224104,0.0169539,0.0128762,0.0150044,0.0111782,0.0131422,0.0247165,0.00995907,0.010583,0.0121048,0.0243419
0.0495303,0.0222914,0.0114688,0.0114517,0.0133536,0.00451453,0.0144974,0.0236582,0.0110779,0.00560913,0.00565239,0.0304936
0.0567876,0.0171587,0.00935121,0.00582392,0.00874444,0.00491566,0.0145783,0.0241896,0.0116898,0.00298536,0.00659367,0.0304793
0.0519628,0.0245932,0.0137098,0.0100763,0.0125655,0.0091731,0.0132086,0.0258766,0.0132016,0.00734874,0.00884999,0.0278179
0.036537,0.0297665,0.0172081,0.0145501,0.018434,0.0173873,0.0207806,0.0334248,0.0254831,0.0177126,0.0162963,0.0222976
0.0433082,0.0262434,0.0121736,0.0110453,0.0215899,0.0140916,0.0261961,0.0367416,0.0167176,0.013556,0.0133185,0.0256632
0.0559136,0.0218515,0.0103012,0.0135835,0.0186154,0.011836,0.0178151,0.0271564,0.0142391,0.0055478,0.00769963,0.0311533
0.0603589,0.030764,0.00869297,0.00997892,0.0104934,0.00953735,0.018831,0.029927,0.0143431,0.0106331,0.00978676,0.0312336
0.0448306,0.0259134,0.017669,0.0145812,0.0235272,0.027982,0.0309437,0.0319649,0.0239149,0.023064,0.0295293,0.0409329
0.031481,0.0167065,0.0102453,0.0133244,0.0155168,0.0198298,0.0322969,0.0200351,0.0106494,0.0108108,0.0297936,0.0372556
0.0325861,0.0130249,0.0119597,0.0101761,0.0108106,0.0228175,0.0313408,0.0165411,0.0084419,0.00582527,0.0238141,0.0425792
0.0269346,0.00728541,0.010026,0.00806745,0.0113228,0.0163597,0.0244331,0.0192366,0.00957354,0.00949399,0.0210404,0.032203
0.0248029,0.0192534,0.0263849,0.0292247,0.0289202,0.0269181,0.0263165,0.034942,0.0488721,0.0556508,0.0358228,0.0276376
0.0219272,0.0148419,0.00974102,0.0213545,0.0301293,0.0145253,0.0109459,0.0115244,0.0253949,0.0386982,0.0196549,0.0156196
0.0105918,0.00916883,0.0100662,0.0150331,0.0265281,0.014385,0.00881909,0.0169817,0.029085,0.0429509,0.0220681,0.0132182
0.0140245,0.0126903,0.00804134,0.0122062,0.0175175,0.0126397,0.0128152,0.0101128,0.0179922,0.0329845,0.0175977,0.0154563
0.0281966,0.0278362,0.0192282,0.0103803,0.0132903,0.015323,0.0335907,0.0292949,0.0290513,0.0282959,0.031997,0.0433785
0.0317613,0.0142713,0.00979878,0.0137098,0.0113974,0.0179819,0.016822,0.00747926,0.0100013,0.0145441,0.0348711,0.0464112
0.0220424,0.00749058,0.00637313,0.0079942,0.00794037,0.0181718,0.0171192,0.0102768,0.0133109,0.0177761,0.0389424,0.0416021
0.0384383,0.0263328,0.0168211,0.0135715,0.0150956,0.0290843,0.0348126,0.0231538,0.0216616,0.0268616,0.0368329,0.0455592
0.0302423,0.0326234,0.0333972,0.0136417,0.010221,0.0157762,0.029929,0.0243409,0.0128194,0.0127884,0.0181136,0.0277306
0.00819789,0.0164475,0.0347064,0.0169585,0.00873171,0.0117568,0.0242396,0.0340909,0.0119717,0.00891634,0.0134937,0.0209099
0.0103879,0.0195614,0.0351702,0.0155372,0.00719842,0.00839049,0.0240031,0.0311828,0.012413,0.00570083,0.0115185,0.0169761
0.00727482,0.0177369,0.0282908,0.0115822,0.00729066,0.0101769,0.0325079,0.0445722,0.0164574,0.00435477,0.0113348,0.015202
0.00631623,0.0130104,0.0229837,0.0104471,0.00493522,0.00723901,0.0294523,0.0413371,0.0142033,0.00306086,0.0123898,0.0183686
0.00717305,0.011164,0.0194161,0.00769086,0.00555229,0.0112964,0.0363882,0.0416811,0.0162517,0.00511327,0.0116902,0.0199405
0.00865422,0.0103211,0.0167235,0.00802071,0.00654639,0.0111347,0.034002,0.0430274,0.0148119,0.00286327,0.0123974,0.0197228
0.00571385,0.00873943,0.0142353,0.00681006,0.0079406,0.010258,0.0257826,0.0348634,0.0121687,0.00365253,0.00856117,0.0125506
0.00507567,0.010187,0.0164055,0.00694552,0.00359147,0.00682493,0.0237869,0.0324296,0.012736,0.0039948,0.00893296,0.0145406
0.00407118,0.0102091,0.014416,0.00587693,0.00282373,0.00727255,0.0296661,0.0390147,0.0136314,0.00335575,0.0101658,0.0117422
0.0038991,0.00793729,0.0126083,0.00544565,0.00367565,0.00805572,0.0351537,0.0450737,0.0153864,0.00189308,0.00991061,0.0138514
0.00334255,0.00738899,0.0109172,0.00520461,0.00373454,0.00880662,0.037647,0.0447626,0.0140809,0.00410002,0.00976637,0.0136229
0.00378897,0.00665523,0.0109544,0.00535979,0.0037488,0.00800312,0.0312378,0.0392961,0.0143823,0.00448831,0.0102159,0.0140274
0.00262865,0.00690591,0.00982657,0.00415113,0.00260345,0.00601193,0.026261,0.0364619,0.0136922,0.00514168,0.00788061,0.0103287
0.00586977,0.00617923,0.00862015,0.00309169,0.00438638,0.0105499,0.0298788,0.0380263,0.0145748,0.00405114,0.00952385,0.0157206
0.00402394,0.00582283,0.00906307,0.0036732,0.00327015,0.00776476,0.0307478,0.037236,0.0111515,0.00239586,0.0055719,0.0105034
0.00344364,0.00346456,0.00648649,0.00418697,0.00296092,0.00744624,0.0316691,0.0373443,0.0109845,0.00193293,0.00561033,0.00900147
0.00302145,0.00279078,0.00689948,0.00471167,0.00323824,0.00701037,0.0322258,0.0379946,0.0125104,0.00285298,0.00695596,0.0094563
0.00258109,0.00305588,0.00590972,0.00228019,0.00189191,0.00736496,0.0389265,0.0469265,0.015148,0.00240988,0.00686904,0.0094553
0.002721,0.00497475,0.00721137,0.00260799,0.0034894,0.00776429,0.0308267,0.0400863,0.0134767,0.00212076,0.00549341,0.00811469
0.00374604,0.00555175,0.0072783,0.00256839,0.00209667,0.00641718,0.0325734,0.0422766,0.0153039,0.00437015,0.00464527,0.00879836
0.00441981,0.00549464,0.00908676,0.00366091,0.0029946,0.00808696,0.0326222,0.0388179,0.0133234,0.00378478,0.00879132,0.0136183
0.00329702,0.00397752,0.00629893,0.00283745,0.00176446,0.00804175,0.0330228,0.0356948,0.0134427,0.00515274,0.007645,0.00921648
0.00567405,0.00605891,0.00968296,0.00465778,0.00204789,0.00919711,0.0336596,0.0353847,0.011474,0.00582137,0.00838775,0.0132235
0.00328999,0.00614453,0.00913482,0.00322831,0.001631,0.00735462,0.0325245,0.0368531,0.0133025,0.00487507,0.00898052,0.0115449
0.00239273,0.00306519,0.006316,0.00260547,0.00141497,0.00559689,0.0307054,0.0413228,0.0147583,0.00461959,0.00926198,0.0115091
0.00461929,0.00959255,0.0139883,0.0062627,0.00422381,0.00814546,0.0298926,0.036731,0.0136186,0.00467527,0.0047229,0.00740272
0.00383406,0.0101433,0.0170893,0.00772362,0.0017977,0.00886195,0.0367618,0.0403934,0.0126632,0.00354014,0.00760813,0.010306
0.00342487,0.00999516,0.0187594,0.00873719,0.00232917,0.00721385,0.0337561,0.0397119,0.0128664,0.0045641,0.00459967,0.00875597
0.00279255,0.00925091,0.017979,0.00826615,0.00251944,0.00619532,0.0296683,0.0342951,0.0101686,0.00279896,0.00724597,0.010318
0.00267433,0.00896642,0.0138847,0.00413284,0.00279933,0.0100772,0.0378572,0.0475704,0.0182269,0.00339046,0.00327415,0.00605678
0.00191357,0.00736762,0.0110497,0.00372164,0.00188382,0.00659332,0.0236513,0.0350725,0.0122541,0.00213863,0.00534342,0.0065679
0.00173696,0.00548775,0.00754181,0.00275728,0.00203589,0.00414129,0.0269112,0.0395729,0.0129433,0.00359598,0.0054328,0.00729994
0.00363304,0.00889617,0.0121133,0.00484543,0.0014006,0.0045414,0.031831,0.0442262,0.0149559,0.00333935,0.00681223,0.00969978
0.00200172,0.00898935,0.0152882,0.00524138,0.00257593,0.00544602,0.0289977,0.0422618,0.0138929,0.00351451,0.00286044,0.00553656
0.00246732,0.0114615,0.0187632,0.00602096,0.00187594,0.00451903,0.0274258,0.0382237,0.014334,0.00502601,0.00563469,0.00797108
0.00207841,0.0119949,0.0206449,0.00783285,0.00126935,0.00427178,0.0191734,0.0269756,0.0118616,0.0052868,0.00520867,0.00746369
0.00229652,0.00883419,0.0156936,0.00610297,0.00183574,0.00556281,0.0256209,0.0308921,0.0111904,0.00443744,0.00602526,0.00783716
0.00338226,0.00676091,0.0124899,0.00456829,0.0021286,0.00428051,0.0278516,0.0397153,0.0154278,0.00387166,0.00609696,0.0108758
0.00403383,0.00674975,0.01119,0.00433557,0.00200434,0.0054394,0.0300285,0.0414957,0.0132788,0.00375433,0.00700179,0.0103209
0.00355303,0.00694829,0.0109296,0.0041551,0.00197693,0.00533799,0.029221,0.0386062,0.0109624,0.00395115,0.00427011,0.00808208
0.00318185,0.00649952,0.0114982,0.00345193,0.00225731,0.00475337,0.0263888,0.0381619,0.0144297,0.00281004,0.00627984,0.00677225
0.00483834,0.00719243,0.0115216,0.00450582,0.00219805,0.00471447,0.024007,0.0326163,0.0116713,0.00334006,0.00820534,0.0149702
0.00481541,0.00601234,0.00992783,0.00371528,0.00122515,0.00374838,0.0222223,0.0340201,0.0124745,0.00351061,0.00698882,0.0134032
0.00494588,0.00430446,0.00652706,0.00230757,0.00214709,0.00448284,0.0253425,0.0356007,0.0117992,0.004231,0.00666801,0.0117383
0.00288282,0.00314699,0.00478127,0.00234453,0.002049,0.00484106,0.0218041,0.0290836,0.00877007,0.00362806,0.00508622,0.00857912
0.00266055,0.00291116,0.00462529,0.00148523,0.00152256,0.00411906,0.0250908,0.036956,0.0146462,0.00440007,0.00362006,0.0075599
0.00322689,0.00343547,0.00588341,0.00217112,0.00113491,0.00316272,0.0215037,0.0315463,0.0104568,0.00454604,0.00331832,0.00749737
0.00231904,0.0038423,0.00656978,0.00305691,0.000934236,0.00297342,0.0195232,0.0298321,0.0109854,0.0042531,0.00388715,0.00656545
0.000796861,0.00354915,0.00566504,0.00255296,0.00170328,0.0034267,0.0165912,0.0262839,0.00973011,0.00355367,0.00375757,0.00451487
0.00455303,0.00300547,0.00645394,0.00318642,0.00148663,0.0035023,0.0177092,0.0266979,0.0101386,0.00407243,0.00542938,0.0098993
0.00385388,0.00457792,0.00745308,0.0031458,0.00139398,0.00317094,0.0194292,0.0286279,0.0109418,0.00219488,0.00452202,0.00869534
0.00224955,0.00481059,0.00680699,0.00236533,0.000495234,0.00288822,0.0213363,0.0336052,0.0134429,0.00312458,0.00440445,0.00607837
0.00198876,0.00514052,0.00819326,0.00304716,0.000854634,0.00312297,0.0176137,0.0260308,0.00977724,0.00263979,0.0041089,0.00692461
0.00119554,0.00463276,0.00813727,0.00345908,0.0014215,0.00374325,0.0170367,0.0195184,0.00676037,0.00273582,0.00297238,0.00319814
0.000740203,0.00675137,0.0120858,0.0059119,0.000861325,0.00290591,0.00992982,0.0103666,0.0044246,0.0034418,0.00313047,0.00322405
0.000995132,0.00811892,0.0166287,0.00736464,0.00122206,0.00185336,0.0100711,0.0136542,0.00541328,0.00241016,0.00167369,0.00222756
0.000938488,0.00597211,0.0124777,0.00556508,0.00117988,0.00273865,0.0111876,0.0156673,0.00602947,0.00255337,0.00290603,0.00393318
0.000789349,0.00525531,0.0106961,0.0047576,0.000635386,0.00209554,0.0124626,0.0173254,0.00590147,0.00155429,0.00170613,0.00209822
0.000998477,0.00484379,0.00923124,0.00389984,0.000680607,0.00149175,0.0120074,0.0177,0.00567385,0.00127029,0.00178896,0.00314989
0.0013349,0.00246353,0.00446607,0.00191076,0.000765455,0.00212819,0.0116296,0.0168191,0.00620813,0.00118261,0.00182956,0.00295045
0.00154849,0.0018569,0.0028955,0.00131716,0.000757143,0.00178669,0.00984161,0.0142964,0.00501687,0.00182972,0.00226786,0.00311399
0.00155679,0.00142792,0.00282179,0.00125556,0.000847804,0.00110966,0.00937933,0.0131523,0.00515993,0.00104688,0.00189611,0.00333073
0.00115633,0.0016965,0.00290045,0.00138874,0.000785448,0.00191886,0.0100366,0.0129961,0.00383474,0.0010651,0.00221358,0.00349301
0.00128623,0.0014881,0.00291686,0.00130143,0.000614345,0.0010468,0.00828502,0.0120478,0.00401384,0.00126967,0.00158853,0.00285095
0.00193321,0.00147777,0.00204886,0.000968667,0.000966968,0.000995853,0.00928532,0.0154162,0.0064422,0.00103385,0.00213628,0.00375988
0.00148841,0.0016443,0.00261288,0.0014565,0.000549591,0.000982109,0.00759865,0.0121124,0.0048165,0.000875082,0.00184113,0.00340306
0.00116104,0.00106202,0.00211854,0.00118837,0.000482009,0.000922498,0.00592959,0.00917368,0.00342393,0.000632596,0.00149224,0.00283265
0.0012683,0.00117665,0.00179711,0.000958855,0.000521179,0.000873238,0.00542104,0.00821582,0.00284004,0.000758294,0.00145908,0.00286146
0.00113215,0.00117667,0.00180695,0.000739702,0.000534307,0.00114505,0.00444729,0.00578924,0.00188294,0.00037787,0.00155765,0.00262501
0.000875159,0.00107762,0.00181985,0.000818985,0.000404145,0.000790812,0.00388645,0.00539477,0.0017548,0.000449259,0.000891322,0.00182388
0.000986098,0.00132537,0.00196418,0.000841531,0.000455152,0.000768298,0.00316917,0.00430601,0.00138377,0.000330822,0.000796506,0.0016201
0.000742045,0.00109081,0.00174036,0.000802776,0.000285197,0.000611837,0.00285563,0.00412465,0.00136791,0.000306704,0.000777671,0.00126174
0.000593291,0.000837639,0.00127953,0.000601309,0.000308106,0.000675846,0.00281929,0.00398426,0.00147939,0.000345732,0.000589434,0.00097854
0.000395586,0.000718837,0.00110538,0.000479229,0.000283668,0.000628504,0.00250303,0.0034027,0.00109851,0.000425119,0.000670881,0.000917451
0.000354198,0.000537859,0.000955346,0.000531244,0.000266658,0.000354209,0.00194215,0.00323358,0.00123163,0.00049143,0.000356004,0.000496469
0.000384699,0.000740395,0.00126394,0.000570683,0.000349936,0.000560238,0.00152592,0.00210988,0.000868312,0.000405401,0.000501229,0.000655843
0.000389935,0.000629231,0.00105086,0.000530635,0.000356013,0.000499534,0.00107439,0.00160784,0.000695019,0.000254016,0.000507472,0.000805681
8.1143e-5,8.13563e-5,7.53507e-5,7.48926e-5,5.91887e-5,5.38656e-5,8.72809e-5,9.7642e-5,8.01126e-5,5.32342e-5,2.85115e-5,2.86835e-5
1.48735e-5,1.20417e-5,9.63871e-6,6.86838e-6,6.02142e-6,6.12952e-6,4.24354e-6,2.67108e-6,1.57061e-6,2.03406e-6,1.01508e-6,4.09663e-7
6.95483e-7,3.83465e-7,2.04857e-7,1.18302e-7,1.40483e-7,1.85183e-7,9.10071e-8,3.15606e-8,6.53006e-8,1.59856e-7,6.85746e-8,5.60114e-8
6.01992e-9,3.76262e-9,4.18273e-9,3.60465e-9,4.33839e-9,4.70115e-9,3.43414e-9,1.45605e-9,4.85186e-9,4.76921e-9,1.88094e-9,1.7092e-9
4.60449e-11,2.20726e-11,2.76634e-11,4.20392e-11,2.83772e-11,3.35192e-11,3.32497e-11,3.66513e-11,7.25043e-11,5.07302e-11,3.09359e-11,4.13112e-11
1.7774e-15,8.38767e-16,1.26102e-15,1.973e-15,9.87985e-16,8.45039e-16,9.16856e-16,9.53481e-16,8.85522e-16,6.55248e-16,4.98257e-16,4.50613e-16
0,0,0,0,0,0,0,0,0,0,0,0
0,0,0,0,0,0,0,0,0,0,0,0






0,0,0,0,0,0,0,0,0,0,0,0






0,0,0,0,0,0,0,0,0,0,0,0






0,0,0,0,0,0,0,0,0,0,0,0






0,0,0,0,0,0,0,0,0,0,0,0
0,0,0,0,0,0,0,0,0,0,0,0






0,0,0,0,0,0,0,0,0,0,0,0






0,0,0,0,0,0,0,0,0,0,0,0






0,0,0,0,0,0,0,0,0,0,0,0
0,0,0,0,0,0,0,0,0,0,0,0






0,0,0,0,0,0,0,0,0,0,0,0






0,0,0,0,0,0,0,0,0,0,0,0